AVGDNSTRMQAMUTLZN,Bundle,Market,Node Health,IPDR DOWN,IPDR UP,Observation Count,Actual Rate,Predicted Rate
HIGH,Internet Only,Kentucky,"03 [0.5976, 1.1236]","08 [28.685, 40.36]","05 [0.59, 0.81]",51673,0.000503,0.0005302029413
HIGH,Internet/Voice,So Cal North,"01 [0.0, 0.0]","04 [8.53, 12.29]","09 [2.80, 440.64]",21454,0.000373,0.0004561490104
HIGH,Internet Only,West Florida,"05 [1.9149, 3.2258]","05 [12.29, 16.54]","08 [1.65, 2.80]",31666,0.000663,0.0005092795577
HIGH,Video/Internet,"Greenville, SC / Georgia","08 [9.1684, 16.5179]","02 [2.13, 5.13]","01 [0.009, 0.13]",31856,0.001067,0.001096855043
LOW,Internet/Voice,So Cal Central,"03 [0.5976, 1.1236]","08 [28.685, 40.36]","09 [2.80, 440.64]",11665,0.000514,0.0004434033724
ZERO,Video/Internet/Voice,North Texas,"05 [1.9149, 3.2258]","06 [16.54, 21.71]","04 [0.41, 0.59]",122,0.000000,0.002618510657
HIGH,Internet Only,South Carolina,"04 [1.1254, 1.9139]","06 [16.54, 21.71]","08 [1.65, 2.80]",23723,0.000253,0.000510102177
HIGH,Video/Internet/Voice,Western NY,"02 [0.1236, 0.597]","09 [40.36, 1134.70]","06 [0.81, 1.13]",3757,0.000799,0.001132423058
LOW,Internet Only,Hawaii,"05 [1.9149, 3.2258]","07 [21.71, 28.68]","07 [1.13, 1.65]",2455,0.000000,0.0004517773336
HIGH,Video/Internet,Manhattan / Staten Is / Mt Ver,"06 [3.2313, 5.4348]","08 [28.685, 40.36]","09 [2.80, 440.64]",4188,0.000239,0.0008975956152
ZERO,Internet Only,Northern Ohio,"07 [5.4369, 9.1667]","08 [28.685, 40.36]","06 [0.81, 1.13]",1224,0.000817,0.0008295610188
HIGH,Internet Only,Central Texas,NULL,"05 [12.29, 16.54]","08 [1.65, 2.80]",1604,0.000000,0.0007054846565
LOW,Internet Only,Western NC,NULL,"04 [8.53, 12.29]","01 [0.009, 0.13]",155,0.000000,0.0008151387332
HIGH,Video/Internet/Voice,Manhattan / Staten Is / Mt Ver,"05 [1.9149, 3.2258]","05 [12.29, 16.54]","03 [0.26, 0.41]",1601,0.002498,0.001502775499
LOW,Internet/Voice,Minnesota,"01 [0.0, 0.0]","09 [40.36, 1134.70]","03 [0.26, 0.41]",224,0.000000,0.0003438052301
ZERO,Internet Only,Minnesota,NULL,"09 [40.36, 1134.70]","06 [0.81, 1.13]",580,0.000000,0.0007170181429
ZERO,Video/Internet,Kansas City / Lincoln,"09 [16.5192, 100.0]","06 [16.54, 21.71]","06 [0.81, 1.13]",162,0.000000,0.001685591428
ZERO,Internet Only,Minnesota,"09 [16.5192, 100.0]","05 [12.29, 16.54]","06 [0.81, 1.13]",64,0.000000,0.0005541018681
> 0.95,Video/Internet/Voice,Midwest South,"01 [0.0, 0.0]","03 [5.13, 8.53]","07 [1.13, 1.65]",67,0.000000,0.001766368403
LOW,Video/Internet/Voice,East Central Florida,NULL,"04 [8.53, 12.29]","02 [0.13, 0.26]",29,0.000000,0.000893357918
ZERO,Video/Internet,Michigan,"08 [9.1684, 16.5179]","02 [2.13, 5.13]","06 [0.81, 1.13]",60,0.000000,0.001475249705
HIGH,Video/Internet/Voice,Southern New England,"09 [16.5192, 100.0]","00 [-0.00, 0.02]","03 [0.26, 0.41]",50,0.000000,0.000731853201
ZERO,Internet Only,So Cal Central,"03 [0.5976, 1.1236]","01 [0.02, 2.13]","06 [0.81, 1.13]",62,0.000000,0.0005070038468
ZERO,Internet/Voice,Mountain States,"03 [0.5976, 1.1236]","05 [12.29, 16.54]","01 [0.009, 0.13]",4,0.000000,0.0008644308269
LOW,Internet/Voice,Mountain States,"02 [0.1236, 0.597]","05 [12.29, 16.54]","09 [2.80, 440.64]",38,0.000000,0.0002548557163
> 0.95,Internet/Voice,Central States,"04 [1.1254, 1.9139]","05 [12.29, 16.54]","05 [0.59, 0.81]",33,0.000000,0.001325888221
ZERO,Internet/Voice,So Cal Central,"03 [0.5976, 1.1236]","01 [0.02, 2.13]","09 [2.80, 440.64]",12,0.000000,0.0008384811255
> 0.95,Internet/Voice,"Greenville, SC / Georgia","04 [1.1254, 1.9139]","08 [28.685, 40.36]","08 [1.65, 2.80]",36,0.000000,0.0007751376213
LOW,Internet/Voice,Western NY,"05 [1.9149, 3.2258]","04 [8.53, 12.29]","01 [0.009, 0.13]",50,0.000000,0.0006427019188
> 0.95,Video/Internet/Voice,Eastern NY,"03 [0.5976, 1.1236]","07 [21.71, 28.68]","06 [0.81, 1.13]",12,0.000000,0.001358344984
> 0.95,Video/Internet,Michigan,"05 [1.9149, 3.2258]","07 [21.71, 28.68]","03 [0.26, 0.41]",17,0.000000,0.001071764133
ZERO,Internet/Voice,Midwest Central,"07 [5.4369, 9.1667]","06 [16.54, 21.71]","01 [0.009, 0.13]",3,0.000000,0.001513368334
LOW,Internet/Voice,South Carolina,"03 [0.5976, 1.1236]","05 [12.29, 16.54]","01 [0.009, 0.13]",4,0.000000,0.0006166849172
ZERO,Internet/Voice,Kansas City / Lincoln,"09 [16.5192, 100.0]","07 [21.71, 28.68]","02 [0.13, 0.26]",8,0.000000,0.001488143452
HIGH,Internet Only,So Cal South,"03 [0.5976, 1.1236]","01 [0.02, 2.13]","01 [0.009, 0.13]",122489,0.000220,0.0003088464932
HIGH,Internet Only,So Cal North,"04 [1.1254, 1.9139]","08 [28.685, 40.36]","08 [1.65, 2.80]",168483,0.000433,0.0003984221053
HIGH,Internet Only,"Greenville, SC / Georgia","03 [0.5976, 1.1236]","07 [21.71, 28.68]","02 [0.13, 0.26]",5819,0.000172,0.0003629991996
HIGH,Video/Internet/Voice,East Central Florida,"03 [0.5976, 1.1236]","05 [12.29, 16.54]","06 [0.81, 1.13]",9237,0.000866,0.001496070378
ZERO,Video/Internet,Eastern NC,NULL,"09 [40.36, 1134.70]","04 [0.41, 0.59]",2100,0.001905,0.001804473118
HIGH,Internet Only,Michigan,"06 [3.2313, 5.4348]","05 [12.29, 16.54]","03 [0.26, 0.41]",81807,0.000367,0.0003356220954
HIGH,Video/Internet,So Cal South,"07 [5.4369, 9.1667]","07 [21.71, 28.68]","02 [0.13, 0.26]",2261,0.000442,0.0008415653992
HIGH,Internet Only,East Florida,"03 [0.5976, 1.1236]","04 [8.53, 12.29]","04 [0.41, 0.59]",34027,0.000441,0.0004629695469
HIGH,Internet/Voice,Minnesota,"05 [1.9149, 3.2258]","02 [2.13, 5.13]","02 [0.13, 0.26]",5169,0.000000,0.000388875652
LOW,Video/Internet,Kansas City / Lincoln,"07 [5.4369, 9.1667]","09 [40.36, 1134.70]","04 [0.41, 0.59]",884,0.000000,0.001134163201
HIGH,Video/Internet/Voice,Midwest Central,"05 [1.9149, 3.2258]","01 [0.02, 2.13]","09 [2.80, 440.64]",1331,0.002254,0.001725601282
ZERO,Internet Only,Kentucky,"04 [1.1254, 1.9139]","01 [0.02, 2.13]","02 [0.13, 0.26]",245,0.000000,0.0009472422015
LOW,Video/Internet,So Cal North,"09 [16.5192, 100.0]",NULL,NULL,4048,0.000494,0.0008110872174
HIGH,Video/Internet,East Florida,"05 [1.9149, 3.2258]","05 [12.29, 16.54]","02 [0.13, 0.26]",5777,0.001385,0.00108142977
LOW,Video/Internet/Voice,South Carolina,"02 [0.1236, 0.597]","02 [2.13, 5.13]","01 [0.009, 0.13]",710,0.001408,0.001489974299
LOW,Video/Internet/Voice,So Cal Central,"08 [9.1684, 16.5179]","04 [8.53, 12.29]","02 [0.13, 0.26]",2871,0.001742,0.001316857546
LOW,Video/Internet,South Texas,"07 [5.4369, 9.1667]","04 [8.53, 12.29]","02 [0.13, 0.26]",1349,0.002224,0.0008599994012
HIGH,Internet/Voice,Eastern NY,"05 [1.9149, 3.2258]","02 [2.13, 5.13]","05 [0.59, 0.81]",2151,0.000000,0.0004334004745
LOW,Video/Internet,Central States,"08 [9.1684, 16.5179]","07 [21.71, 28.68]","05 [0.59, 0.81]",670,0.000000,0.001009940034
ZERO,Internet Only,North Texas,"07 [5.4369, 9.1667]","05 [12.29, 16.54]","05 [0.59, 0.81]",1281,0.003903,0.001193793259
ZERO,Internet Only,Eastern NC,"01 [0.0, 0.0]","06 [16.54, 21.71]","02 [0.13, 0.26]",542,0.001845,0.0006976334709
ZERO,Video/Internet/Voice,Midwest Central,"07 [5.4369, 9.1667]","07 [21.71, 28.68]","06 [0.81, 1.13]",178,0.000000,0.001647154713
LOW,Internet/Voice,Michigan,"07 [5.4369, 9.1667]","05 [12.29, 16.54]","05 [0.59, 0.81]",225,0.000000,0.0004409024598
ZERO,Video/Internet,Midwest Central,"05 [1.9149, 3.2258]","01 [0.02, 2.13]","02 [0.13, 0.26]",248,0.004032,0.00183450493
> 0.95,Internet Only,So Cal South,"03 [0.5976, 1.1236]","02 [2.13, 5.13]","06 [0.81, 1.13]",16,0.000000,0.000529830448
ZERO,Internet Only,Midwest Central,"06 [3.2313, 5.4348]","01 [0.02, 2.13]","07 [1.13, 1.65]",4,0.000000,0.0006885989192
LOW,Internet Only,Minnesota,"07 [5.4369, 9.1667]","01 [0.02, 2.13]","00 [-0.00, 0.009]",137,0.000000,0.0003586573592
ZERO,Video/Internet/Voice,Sierra Nevada,"02 [0.1236, 0.597]","06 [16.54, 21.71]","02 [0.13, 0.26]",47,0.000000,0.002298525925
> 0.95,Video/Internet,South Texas,"02 [0.1236, 0.597]","03 [5.13, 8.53]","04 [0.41, 0.59]",21,0.000000,0.000994643924
ZERO,Video/Internet/Voice,Wisconsin,"08 [9.1684, 16.5179]","03 [5.13, 8.53]","07 [1.13, 1.65]",48,0.000000,0.001656412431
ZERO,Video/Internet/Voice,North Texas,"05 [1.9149, 3.2258]","02 [2.13, 5.13]","01 [0.009, 0.13]",132,0.007576,0.00330226887
HIGH,Video/Internet,South Manhattan,NULL,"03 [5.13, 8.53]","06 [0.81, 1.13]",16,0.000000,0.001156961178
HIGH,Video/Internet,Manhattan / Staten Is / Mt Ver,"06 [3.2313, 5.4348]","09 [40.36, 1134.70]","01 [0.009, 0.13]",5,0.000000,0.001531870027
> 0.95,Video/Internet,So Cal South,"02 [0.1236, 0.597]","04 [8.53, 12.29]","07 [1.13, 1.65]",11,0.000000,0.0007963922693
LOW,Internet/Voice,Michigan,"02 [0.1236, 0.597]","03 [5.13, 8.53]","03 [0.26, 0.41]",58,0.000000,0.0005520574376
LOW,Internet/Voice,South Carolina,NULL,"01 [0.02, 2.13]","00 [-0.00, 0.009]",10,0.000000,0.001655552276
> 0.95,Internet/Voice,South Texas,"08 [9.1684, 16.5179]","03 [5.13, 8.53]","05 [0.59, 0.81]",7,0.000000,0.0005024554069
> 0.95,Internet/Voice,West Florida,"07 [5.4369, 9.1667]","05 [12.29, 16.54]","03 [0.26, 0.41]",7,0.000000,0.0006086776422
HIGH,Video/Internet/Voice,Hawaii,NULL,"03 [5.13, 8.53]","07 [1.13, 1.65]",1,0.000000,0.001075810454
HIGH,Video/Internet/Voice,So Cal Central,"05 [1.9149, 3.2258]","08 [28.685, 40.36]","09 [2.80, 440.64]",27515,0.000872,0.0009749027503
HIGH,Internet Only,Southern New England,"07 [5.4369, 9.1667]","08 [28.685, 40.36]","07 [1.13, 1.65]",51725,0.000174,0.0003435103326
HIGH,Internet Only,Southern New England,"09 [16.5192, 100.0]","03 [5.13, 8.53]","01 [0.009, 0.13]",6892,0.000145,0.0002920299925
HIGH,Video/Internet/Voice,Wisconsin,"04 [1.1254, 1.9139]","06 [16.54, 21.71]","06 [0.81, 1.13]",17474,0.000744,0.0008720541327
ZERO,Video/Internet,Brooklyn / Queens,"07 [5.4369, 9.1667]","00 [-0.00, 0.02]","00 [-0.00, 0.009]",3434,0.002621,0.001975638816
HIGH,Video/Internet,Manhattan / Staten Is / Mt Ver,"07 [5.4369, 9.1667]","09 [40.36, 1134.70]","09 [2.80, 440.64]",5669,0.000353,0.0009778400144
HIGH,Video/Internet,Pacific Northwest,"04 [1.1254, 1.9139]",NULL,NULL,15420,0.000519,0.0006997554268
HIGH,Internet Only,Eastern NC,"08 [9.1684, 16.5179]","08 [28.685, 40.36]","02 [0.13, 0.26]",3620,0.000276,0.0004991797553
HIGH,Internet Only,Kentucky,"04 [1.1254, 1.9139]","02 [2.13, 5.13]","07 [1.13, 1.65]",3921,0.000510,0.0005816226453
HIGH,Video/Internet,Kansas City / Lincoln,"03 [0.5976, 1.1236]","08 [28.685, 40.36]","03 [0.26, 0.41]",2249,0.000445,0.0008927215109
HIGH,Internet/Voice,East Florida,"06 [3.2313, 5.4348]","02 [2.13, 5.13]","01 [0.009, 0.13]",3522,0.000284,0.0007854952466
LOW,Internet/Voice,Western NY,"08 [9.1684, 16.5179]","08 [28.685, 40.36]","08 [1.65, 2.80]",409,0.000000,0.0006799361666
HIGH,Internet/Voice,Minnesota,"03 [0.5976, 1.1236]","05 [12.29, 16.54]","05 [0.59, 0.81]",3684,0.000000,0.0003477796669
ZERO,Internet Only,So Cal Central,"01 [0.0, 0.0]","06 [16.54, 21.71]","08 [1.65, 2.80]",4526,0.000442,0.0005575488772
HIGH,Video/Internet/Voice,Eastern NC,"01 [0.0, 0.0]","01 [0.02, 2.13]","06 [0.81, 1.13]",4383,0.002282,0.00180284802
HIGH,Video/Internet,Western NC,"02 [0.1236, 0.597]","07 [21.71, 28.68]","01 [0.009, 0.13]",438,0.000000,0.001042555331
ZERO,Video/Internet,Northern New England,NULL,"03 [5.13, 8.53]","09 [2.80, 440.64]",104,0.000000,0.00109567541
LOW,Internet/Voice,So Cal South,"04 [1.1254, 1.9139]","09 [40.36, 1134.70]","04 [0.41, 0.59]",350,0.000000,0.0004020994315
ZERO,Video/Internet/Voice,Western NC,NULL,"03 [5.13, 8.53]","05 [0.59, 0.81]",1079,0.001854,0.001640636428
HIGH,Video/Internet,Minnesota,"04 [1.1254, 1.9139]","01 [0.02, 2.13]","07 [1.13, 1.65]",266,0.000000,0.0008038880382
LOW,Internet Only,Central Texas,"06 [3.2313, 5.4348]","03 [5.13, 8.53]","09 [2.80, 440.64]",1432,0.001397,0.0004140923905
ZERO,Video/Internet,Western NC,"09 [16.5192, 100.0]","09 [40.36, 1134.70]","06 [0.81, 1.13]",380,0.002632,0.001600454999
ZERO,Video/Internet,Western NC,"03 [0.5976, 1.1236]","04 [8.53, 12.29]","03 [0.26, 0.41]",472,0.000000,0.001512245844
ZERO,Internet Only,So Cal North,"07 [5.4369, 9.1667]","02 [2.13, 5.13]","07 [1.13, 1.65]",119,0.000000,0.0007051852946
ZERO,Internet Only,TN / LA / AL,"07 [5.4369, 9.1667]","04 [8.53, 12.29]","06 [0.81, 1.13]",697,0.001435,0.0008182557764
LOW,Video/Internet,East Central Florida,"06 [3.2313, 5.4348]","07 [21.71, 28.68]","06 [0.81, 1.13]",863,0.002317,0.0008771270658
ZERO,Video/Internet/Voice,South Texas,"07 [5.4369, 9.1667]","02 [2.13, 5.13]","01 [0.009, 0.13]",187,0.016043,0.002332704904
HIGH,Internet Only,South Manhattan,"03 [0.5976, 1.1236]","09 [40.36, 1134.70]","05 [0.59, 0.81]",809,0.000000,0.0003420122062
LOW,Video/Internet/Voice,Northern Ohio,"07 [5.4369, 9.1667]","09 [40.36, 1134.70]","07 [1.13, 1.65]",409,0.000000,0.0008866979666
LOW,Video/Internet/Voice,West Florida,NULL,"01 [0.02, 2.13]","02 [0.13, 0.26]",155,0.000000,0.00196497748
LOW,Internet/Voice,Sierra Nevada,"07 [5.4369, 9.1667]","03 [5.13, 8.53]","07 [1.13, 1.65]",133,0.000000,0.0004477491327
> 0.95,Video/Internet,Central NY,"09 [16.5192, 100.0]","00 [-0.00, 0.02]","00 [-0.00, 0.009]",5,0.000000,0.001789658493
> 0.95,Video/Internet,"Greenville, SC / Georgia","04 [1.1254, 1.9139]","04 [8.53, 12.29]","09 [2.80, 440.64]",19,0.000000,0.001248227408
ZERO,Internet Only,So Cal Central,"04 [1.1254, 1.9139]","07 [21.71, 28.68]","01 [0.009, 0.13]",1,0.000000,0.0005045010198
LOW,Internet/Voice,So Cal Central,"04 [1.1254, 1.9139]","07 [21.71, 28.68]","01 [0.009, 0.13]",22,0.000000,0.0004337720188
ZERO,Internet/Voice,North Texas,"05 [1.9149, 3.2258]","02 [2.13, 5.13]","05 [0.59, 0.81]",36,0.000000,0.001760516606
ZERO,Video/Internet/Voice,Central NY,"06 [3.2313, 5.4348]","04 [8.53, 12.29]","08 [1.65, 2.80]",67,0.000000,0.001656371395
HIGH,Internet/Voice,West Central Florida,"06 [3.2313, 5.4348]","08 [28.685, 40.36]","01 [0.009, 0.13]",30,0.000000,0.0007597875749
LOW,Internet Only,South Manhattan,"04 [1.1254, 1.9139]","08 [28.685, 40.36]","01 [0.009, 0.13]",5,0.000000,0.0002341082269
HIGH,Video/Internet,So Cal South,"09 [16.5192, 100.0]","00 [-0.00, 0.02]","05 [0.59, 0.81]",8,0.000000,0.0003623409053
> 0.95,Video/Internet/Voice,Wisconsin,"07 [5.4369, 9.1667]","02 [2.13, 5.13]","08 [1.65, 2.80]",2,0.000000,0.0008965968931
> 0.95,Video/Internet/Voice,Southern New England,"03 [0.5976, 1.1236]","01 [0.02, 2.13]","03 [0.26, 0.41]",6,0.000000,0.001701412443
LOW,Internet/Voice,Manhattan / Staten Is / Mt Ver,"05 [1.9149, 3.2258]","00 [-0.00, 0.02]","05 [0.59, 0.81]",1,0.000000,0.0003575354149
> 0.95,Video/Internet,Western NY,"02 [0.1236, 0.597]","08 [28.685, 40.36]","05 [0.59, 0.81]",3,0.000000,0.0007869390699
> 0.95,Internet/Voice,So Cal South,"05 [1.9149, 3.2258]","08 [28.685, 40.36]","03 [0.26, 0.41]",3,0.000000,0.0003137047207
> 0.95,Video/Internet/Voice,Sierra Nevada,"09 [16.5192, 100.0]","07 [21.71, 28.68]","08 [1.65, 2.80]",1,0.000000,0.001019047069
ZERO,Internet/Voice,So Cal South,"02 [0.1236, 0.597]","01 [0.02, 2.13]","08 [1.65, 2.80]",1,0.000000,0.0009918416367
HIGH,Video/Internet,Kentucky,"07 [5.4369, 9.1667]","08 [28.685, 40.36]","04 [0.41, 0.59]",16832,0.000713,0.001036093412
HIGH,Internet Only,Pacific Northwest,"01 [0.0, 0.0]","00 [-0.00, 0.02]","00 [-0.00, 0.009]",321094,0.002152,0.002410880966
HIGH,Internet Only,East Central Florida,"04 [1.1254, 1.9139]","03 [5.13, 8.53]","06 [0.81, 1.13]",23228,0.000344,0.000485810733
HIGH,Video/Internet/Voice,Minnesota,"02 [0.1236, 0.597]","04 [8.53, 12.29]","03 [0.26, 0.41]",5020,0.000996,0.0009238688384
HIGH,Internet Only,Central NY,"09 [16.5192, 100.0]","03 [5.13, 8.53]","02 [0.13, 0.26]",46701,0.000171,0.0003358667644
HIGH,Internet Only,Michigan,"02 [0.1236, 0.597]","02 [2.13, 5.13]","05 [0.59, 0.81]",9887,0.000101,0.0003403368541
HIGH,Internet Only,Western NY,"07 [5.4369, 9.1667]","04 [8.53, 12.29]","09 [2.80, 440.64]",10727,0.000746,0.0005381168214
HIGH,Video/Internet,Western NY,"09 [16.5192, 100.0]","05 [12.29, 16.54]","07 [1.13, 1.65]",17777,0.000844,0.0009077512239
HIGH,Internet Only,Hawaii,"09 [16.5192, 100.0]","03 [5.13, 8.53]","03 [0.26, 0.41]",3264,0.000613,0.0003956226739
HIGH,Video/Internet,Sierra Nevada,"07 [5.4369, 9.1667]","04 [8.53, 12.29]","05 [0.59, 0.81]",9712,0.000927,0.0008224206236
LOW,Video/Internet/Voice,East Florida,"01 [0.0, 0.0]","03 [5.13, 8.53]","09 [2.80, 440.64]",442,0.000000,0.001679209426
HIGH,Internet Only,West Florida,"07 [5.4369, 9.1667]","01 [0.02, 2.13]","05 [0.59, 0.81]",2939,0.000681,0.0005231912183
LOW,Internet Only,Hawaii,"05 [1.9149, 3.2258]","05 [12.29, 16.54]","07 [1.13, 1.65]",2179,0.000459,0.0004338384147
LOW,Internet Only,Sierra Nevada,"09 [16.5192, 100.0]","01 [0.02, 2.13]","01 [0.009, 0.13]",3125,0.000640,0.0003105499462
LOW,Internet/Voice,South Carolina,"03 [0.5976, 1.1236]","06 [16.54, 21.71]","05 [0.59, 0.81]",228,0.000000,0.000524597951
LOW,Internet Only,Central States,NULL,"03 [5.13, 8.53]","07 [1.13, 1.65]",226,0.004425,0.0009182287825
ZERO,Internet Only,Central Texas,"07 [5.4369, 9.1667]","06 [16.54, 21.71]","07 [1.13, 1.65]",840,0.001190,0.0007842857489
HIGH,Video/Internet,South Manhattan,"04 [1.1254, 1.9139]","08 [28.685, 40.36]","04 [0.41, 0.59]",169,0.000000,0.0006721795101
LOW,Internet/Voice,West Florida,"01 [0.0, 0.0]","05 [12.29, 16.54]","02 [0.13, 0.26]",264,0.000000,0.0007338448269
> 0.95,Internet Only,Wisconsin,"03 [0.5976, 1.1236]","09 [40.36, 1134.70]","08 [1.65, 2.80]",437,0.000000,0.0004764055905
LOW,Video/Internet,Michigan,"09 [16.5192, 100.0]","05 [12.29, 16.54]","02 [0.13, 0.26]",322,0.000000,0.0006904184869
> 0.95,Internet Only,Michigan,"06 [3.2313, 5.4348]","08 [28.685, 40.36]","06 [0.81, 1.13]",29,0.000000,0.0005733454663
LOW,Video/Internet,East Central Florida,NULL,"02 [2.13, 5.13]","02 [0.13, 0.26]",54,0.000000,0.0008505878751
> 0.95,Video/Internet/Voice,Midwest Central,"03 [0.5976, 1.1236]","04 [8.53, 12.29]","07 [1.13, 1.65]",7,0.000000,0.0009544021315
LOW,Internet Only,East Florida,"05 [1.9149, 3.2258]","01 [0.02, 2.13]","09 [2.80, 440.64]",79,0.000000,0.0005387831124
ZERO,Video/Internet/Voice,So Cal South,"02 [0.1236, 0.597]","02 [2.13, 5.13]","03 [0.26, 0.41]",119,0.000000,0.002798855318
> 0.95,Video/Internet,Southern New England,"06 [3.2313, 5.4348]","04 [8.53, 12.29]","06 [0.81, 1.13]",15,0.000000,0.0005824030332
> 0.95,Video/Internet/Voice,So Cal North,"03 [0.5976, 1.1236]","05 [12.29, 16.54]","08 [1.65, 2.80]",16,0.000000,0.001311661841
HIGH,Video/Internet,Pacific Northwest,"02 [0.1236, 0.597]","00 [-0.00, 0.02]","09 [2.80, 440.64]",2,0.000000,0.001202155317
> 0.95,Internet Only,Central NY,"02 [0.1236, 0.597]","02 [2.13, 5.13]","04 [0.41, 0.59]",1,0.000000,0.0005416903208
HIGH,Internet/Voice,Northern New England,"07 [5.4369, 9.1667]","00 [-0.00, 0.02]","09 [2.80, 440.64]",2,0.000000,0.0006125322465
HIGH,Internet Only,North Texas,"08 [9.1684, 16.5179]","02 [2.13, 5.13]","00 [-0.00, 0.009]",2,0.000000,0.0004109114093
HIGH,Video/Internet,Wisconsin,"04 [1.1254, 1.9139]","07 [21.71, 28.68]","09 [2.80, 440.64]",24430,0.000737,0.0006211023476
HIGH,Internet Only,Midwest Central,"09 [16.5192, 100.0]","09 [40.36, 1134.70]","08 [1.65, 2.80]",178763,0.000459,0.0005330119285
HIGH,Internet Only,"Greenville, SC / Georgia","07 [5.4369, 9.1667]","03 [5.13, 8.53]","07 [1.13, 1.65]",20904,0.000431,0.0004215838121
HIGH,Video/Internet/Voice,Central NY,"05 [1.9149, 3.2258]","09 [40.36, 1134.70]","09 [2.80, 440.64]",28654,0.000593,0.000915744168
LOW,Video/Internet,Northern New England,"05 [1.9149, 3.2258]","01 [0.02, 2.13]","01 [0.009, 0.13]",20941,0.000955,0.0008390729317
HIGH,Internet/Voice,Northern Ohio,"03 [0.5976, 1.1236]","09 [40.36, 1134.70]","06 [0.81, 1.13]",15773,0.000317,0.0005141266768
HIGH,Video/Internet/Voice,South Manhattan,"06 [3.2313, 5.4348]","00 [-0.00, 0.02]","00 [-0.00, 0.009]",1399,0.006433,0.003807057567
HIGH,Video/Internet,West Central Florida,"05 [1.9149, 3.2258]","07 [21.71, 28.68]","02 [0.13, 0.26]",4467,0.002015,0.001159340792
HIGH,Internet/Voice,West Central Florida,"03 [0.5976, 1.1236]","04 [8.53, 12.29]","05 [0.59, 0.81]",4719,0.000848,0.000632718988
> 0.95,Video/Internet,Michigan,"03 [0.5976, 1.1236]","07 [21.71, 28.68]","03 [0.26, 0.41]",22,0.000000,0.001245283297
ZERO,Video/Internet,Central Texas,"04 [1.1254, 1.9139]","00 [-0.00, 0.02]","00 [-0.00, 0.009]",4862,0.001234,0.00194884621
LOW,Internet/Voice,"Greenville, SC / Georgia","04 [1.1254, 1.9139]","04 [8.53, 12.29]","02 [0.13, 0.26]",366,0.000000,0.0005130111747
HIGH,Internet/Voice,Hawaii,"08 [9.1684, 16.5179]","01 [0.02, 2.13]","01 [0.009, 0.13]",1845,0.001084,0.0006290391923
HIGH,Video/Internet/Voice,Kentucky,"07 [5.4369, 9.1667]","09 [40.36, 1134.70]","03 [0.26, 0.41]",1607,0.000000,0.001563351346
LOW,Video/Internet/Voice,Eastern NY,"03 [0.5976, 1.1236]","04 [8.53, 12.29]","02 [0.13, 0.26]",685,0.002920,0.001135952007
HIGH,Internet Only,Brooklyn / Queens,"04 [1.1254, 1.9139]","00 [-0.00, 0.02]","02 [0.13, 0.26]",540,0.000000,0.0003313637525
HIGH,Internet/Voice,Kansas City / Lincoln,"02 [0.1236, 0.597]","03 [5.13, 8.53]","04 [0.41, 0.59]",600,0.001667,0.0005144823162
LOW,Video/Internet,East Florida,"01 [0.0, 0.0]","05 [12.29, 16.54]","04 [0.41, 0.59]",2161,0.000925,0.001024848959
HIGH,Internet/Voice,Central NY,"07 [5.4369, 9.1667]","05 [12.29, 16.54]","02 [0.13, 0.26]",4259,0.000235,0.000471577464
LOW,Video/Internet/Voice,TN / LA / AL,"01 [0.0, 0.0]","05 [12.29, 16.54]","08 [1.65, 2.80]",1406,0.002134,0.001137376289
ZERO,Internet Only,TN / LA / AL,"05 [1.9149, 3.2258]","05 [12.29, 16.54]","04 [0.41, 0.59]",1007,0.000000,0.0008058353656
ZERO,Internet Only,Central NY,"01 [0.0, 0.0]","02 [2.13, 5.13]","05 [0.59, 0.81]",215,0.000000,0.0007930812476
LOW,Video/Internet,East Central Florida,"09 [16.5192, 100.0]","00 [-0.00, 0.02]","01 [0.009, 0.13]",177,0.000000,0.000876587015
HIGH,Internet/Voice,Minnesota,"05 [1.9149, 3.2258]","01 [0.02, 2.13]","08 [1.65, 2.80]",111,0.000000,0.0004061792082
ZERO,Video/Internet,Midwest South,"04 [1.1254, 1.9139]","01 [0.02, 2.13]","03 [0.26, 0.41]",62,0.032258,0.002296657749
ZERO,Video/Internet/Voice,So Cal North,"03 [0.5976, 1.1236]","06 [16.54, 21.71]","07 [1.13, 1.65]",175,0.000000,0.001852452999
HIGH,Internet/Voice,Midwest Central,"09 [16.5192, 100.0]","01 [0.02, 2.13]","08 [1.65, 2.80]",97,0.000000,0.0005810699287
ZERO,Internet/Voice,Kentucky,"06 [3.2313, 5.4348]","09 [40.36, 1134.70]","09 [2.80, 440.64]",287,0.000000,0.001902541138
> 0.95,Internet Only,South Carolina,"02 [0.1236, 0.597]","09 [40.36, 1134.70]","05 [0.59, 0.81]",14,0.000000,0.0005206759306
LOW,Video/Internet/Voice,Wisconsin,"02 [0.1236, 0.597]","05 [12.29, 16.54]","09 [2.80, 440.64]",77,0.000000,0.0008082367337
ZERO,Internet/Voice,Hawaii,"01 [0.0, 0.0]","01 [0.02, 2.13]","04 [0.41, 0.59]",11,0.000000,0.001392266484
ZERO,Video/Internet/Voice,So Cal Central,"09 [16.5192, 100.0]","09 [40.36, 1134.70]","04 [0.41, 0.59]",10,0.000000,0.002576267319
> 0.95,Video/Internet,West Florida,"01 [0.0, 0.0]","05 [12.29, 16.54]","02 [0.13, 0.26]",18,0.000000,0.002247668417
> 0.95,Video/Internet/Voice,So Cal North,"08 [9.1684, 16.5179]","05 [12.29, 16.54]","09 [2.80, 440.64]",19,0.000000,0.001500961754
ZERO,Internet/Voice,Kentucky,"01 [0.0, 0.0]","01 [0.02, 2.13]","08 [1.65, 2.80]",1,0.000000,0.0008165221846
HIGH,Internet Only,Eastern NC,"01 [0.0, 0.0]","03 [5.13, 8.53]","08 [1.65, 2.80]",46307,0.000324,0.0003950699315
HIGH,Video/Internet/Voice,Midwest South,"08 [9.1684, 16.5179]","09 [40.36, 1134.70]","07 [1.13, 1.65]",13132,0.000457,0.001427727315
HIGH,Video/Internet/Voice,Central States,"05 [1.9149, 3.2258]","00 [-0.00, 0.02]","01 [0.009, 0.13]",12946,0.002086,0.002050796171
LOW,Internet Only,Northern Ohio,"09 [16.5192, 100.0]","08 [28.685, 40.36]","09 [2.80, 440.64]",1472,0.000679,0.0004403105534
HIGH,Internet/Voice,Kansas City / Lincoln,"05 [1.9149, 3.2258]","04 [8.53, 12.29]","03 [0.26, 0.41]",2505,0.000000,0.0006148111977
HIGH,Video/Internet,Wisconsin,"07 [5.4369, 9.1667]","01 [0.02, 2.13]","03 [0.26, 0.41]",16684,0.001439,0.001109400731
LOW,Video/Internet,Southern New England,"06 [3.2313, 5.4348]","03 [5.13, 8.53]","03 [0.26, 0.41]",1411,0.000000,0.0008545166745
HIGH,Video/Internet/Voice,Sierra Nevada,"08 [9.1684, 16.5179]","04 [8.53, 12.29]","02 [0.13, 0.26]",4365,0.000687,0.001182218701
LOW,Video/Internet,So Cal South,"08 [9.1684, 16.5179]","04 [8.53, 12.29]","09 [2.80, 440.64]",1924,0.001040,0.0007399214252
ZERO,Video/Internet,Hawaii,"07 [5.4369, 9.1667]","01 [0.02, 2.13]","01 [0.009, 0.13]",553,0.000000,0.002045653421
LOW,Internet Only,Minnesota,"05 [1.9149, 3.2258]","07 [21.71, 28.68]","07 [1.13, 1.65]",3082,0.000324,0.0002969144193
ZERO,Internet Only,Northern Ohio,"08 [9.1684, 16.5179]","01 [0.02, 2.13]","05 [0.59, 0.81]",27,0.000000,0.000779395464
HIGH,Video/Internet,Southern New England,"09 [16.5192, 100.0]","04 [8.53, 12.29]","01 [0.009, 0.13]",1505,0.001329,0.000740727477
LOW,Video/Internet,Sierra Nevada,"03 [0.5976, 1.1236]","02 [2.13, 5.13]","03 [0.26, 0.41]",1683,0.001783,0.0007954898628
ZERO,Internet Only,West Central Florida,"07 [5.4369, 9.1667]","03 [5.13, 8.53]","02 [0.13, 0.26]",750,0.000000,0.0008341143508
ZERO,Internet Only,Sierra Nevada,"06 [3.2313, 5.4348]","08 [28.685, 40.36]","05 [0.59, 0.81]",364,0.000000,0.0007921977591
ZERO,Internet Only,Northern Ohio,"07 [5.4369, 9.1667]","02 [2.13, 5.13]","03 [0.26, 0.41]",550,0.000000,0.0008028219968
LOW,Internet Only,North Texas,NULL,"07 [21.71, 28.68]","04 [0.41, 0.59]",601,0.000000,0.0007647461617
ZERO,Video/Internet,East Florida,"08 [9.1684, 16.5179]","06 [16.54, 21.71]","06 [0.81, 1.13]",91,0.000000,0.00144494136
ZERO,Video/Internet,South Carolina,"03 [0.5976, 1.1236]","07 [21.71, 28.68]","01 [0.009, 0.13]",14,0.000000,0.001199461579
ZERO,Video/Internet/Voice,Central Texas,"03 [0.5976, 1.1236]","07 [21.71, 28.68]","06 [0.81, 1.13]",32,0.000000,0.001441778139
HIGH,Internet/Voice,Brooklyn / Queens,NULL,"06 [16.54, 21.71]","05 [0.59, 0.81]",77,0.000000,0.0007758335313
> 0.95,Video/Internet,Manhattan / Staten Is / Mt Ver,"02 [0.1236, 0.597]","00 [-0.00, 0.02]","00 [-0.00, 0.009]",5,0.000000,0.00627637852
ZERO,Internet Only,Hawaii,NULL,"02 [2.13, 5.13]","02 [0.13, 0.26]",10,0.000000,0.0007296734934
> 0.95,Video/Internet/Voice,South Texas,"02 [0.1236, 0.597]","02 [2.13, 5.13]","01 [0.009, 0.13]",9,0.000000,0.00238489521
LOW,Internet/Voice,Midwest South,"05 [1.9149, 3.2258]","03 [5.13, 8.53]","01 [0.009, 0.13]",80,0.000000,0.0004938274895
ZERO,Video/Internet,Western NY,"06 [3.2313, 5.4348]","04 [8.53, 12.29]","08 [1.65, 2.80]",40,0.000000,0.002148826045
> 0.95,Internet/Voice,Western NY,"06 [3.2313, 5.4348]","06 [16.54, 21.71]","05 [0.59, 0.81]",3,0.000000,0.0005847847864
> 0.95,Video/Internet,East Central Florida,"02 [0.1236, 0.597]","07 [21.71, 28.68]","07 [1.13, 1.65]",2,0.000000,0.0007192436603
LOW,Internet/Voice,Pacific Northwest,"09 [16.5192, 100.0]","03 [5.13, 8.53]","09 [2.80, 440.64]",2,0.000000,0.00043489387
> 0.95,Video/Internet/Voice,Hawaii,"04 [1.1254, 1.9139]","05 [12.29, 16.54]","06 [0.81, 1.13]",2,0.000000,0.0006650392837
ZERO,Video/Internet/Voice,Mountain States,"07 [5.4369, 9.1667]","08 [28.685, 40.36]","09 [2.80, 440.64]",1,0.000000,0.001942836412
> 0.95,Video/Internet,Midwest Central,"04 [1.1254, 1.9139]","09 [40.36, 1134.70]","09 [2.80, 440.64]",177,0.000000,0.0009638373726
LOW,Internet Only,Wisconsin,"01 [0.0, 0.0]","04 [8.53, 12.29]","02 [0.13, 0.26]",31340,0.000064,0.0002147364114
HIGH,Internet Only,Brooklyn / Queens,"05 [1.9149, 3.2258]","03 [5.13, 8.53]","07 [1.13, 1.65]",19409,0.000258,0.0004048096538
HIGH,Video/Internet,"Greenville, SC / Georgia","02 [0.1236, 0.597]","09 [40.36, 1134.70]","07 [1.13, 1.65]",16413,0.000792,0.0007398740655
HIGH,Internet/Voice,Western NY,"01 [0.0, 0.0]","06 [16.54, 21.71]","06 [0.81, 1.13]",12162,0.000329,0.000522158
LOW,Video/Internet/Voice,So Cal South,"01 [0.0, 0.0]","03 [5.13, 8.53]","05 [0.59, 0.81]",26729,0.001160,0.001216197585
ZERO,Internet Only,North Texas,"01 [0.0, 0.0]","03 [5.13, 8.53]","07 [1.13, 1.65]",1674,0.001195,0.0008055941929
LOW,Internet/Voice,Central States,"01 [0.0, 0.0]","02 [2.13, 5.13]","04 [0.41, 0.59]",1586,0.000631,0.0006460839162
LOW,Internet Only,Mountain States,"01 [0.0, 0.0]","04 [8.53, 12.29]","02 [0.13, 0.26]",12660,0.000158,0.0002209605939
HIGH,Internet Only,Western NC,NULL,"05 [12.29, 16.54]","07 [1.13, 1.65]",4130,0.000242,0.0007501933311
ZERO,Internet Only,"Greenville, SC / Georgia",NULL,"03 [5.13, 8.53]","05 [0.59, 0.81]",5692,0.001054,0.0008951887271
HIGH,Internet/Voice,Northern Ohio,"02 [0.1236, 0.597]","05 [12.29, 16.54]","09 [2.80, 440.64]",1843,0.000000,0.0004736984043
ZERO,Internet Only,West Central Florida,NULL,"03 [5.13, 8.53]","04 [0.41, 0.59]",1656,0.000604,0.001069756879
LOW,Video/Internet/Voice,Western NC,"05 [1.9149, 3.2258]","08 [28.685, 40.36]","04 [0.41, 0.59]",803,0.000000,0.00126440084
ZERO,Video/Internet/Voice,West Florida,"05 [1.9149, 3.2258]","04 [8.53, 12.29]","03 [0.26, 0.41]",251,0.003984,0.002380476539
LOW,Internet Only,Minnesota,"08 [9.1684, 16.5179]","00 [-0.00, 0.02]","01 [0.009, 0.13]",96,0.000000,0.0002500897073
LOW,Video/Internet,Midwest Central,"02 [0.1236, 0.597]","05 [12.29, 16.54]","06 [0.81, 1.13]",51,0.000000,0.0006326815379
HIGH,Internet/Voice,Kentucky,NULL,"04 [8.53, 12.29]","01 [0.009, 0.13]",44,0.000000,0.0009295804746
ZERO,Video/Internet,South Texas,"02 [0.1236, 0.597]","06 [16.54, 21.71]","07 [1.13, 1.65]",175,0.000000,0.001068517542
> 0.95,Internet Only,Northern Ohio,"01 [0.0, 0.0]","01 [0.02, 2.13]","07 [1.13, 1.65]",8,0.000000,0.0004932260347
LOW,Video/Internet/Voice,Michigan,"02 [0.1236, 0.597]","02 [2.13, 5.13]","07 [1.13, 1.65]",29,0.000000,0.0009911178929
ZERO,Internet/Voice,TN / LA / AL,"06 [3.2313, 5.4348]","07 [21.71, 28.68]","08 [1.65, 2.80]",102,0.000000,0.001212922035
ZERO,Internet/Voice,Southern New England,"08 [9.1684, 16.5179]","08 [28.685, 40.36]","06 [0.81, 1.13]",39,0.000000,0.0009892457154
ZERO,Video/Internet/Voice,Eastern NC,"09 [16.5192, 100.0]","05 [12.29, 16.54]","03 [0.26, 0.41]",114,0.008772,0.001837778433
ZERO,Internet/Voice,Northern Ohio,"02 [0.1236, 0.597]","07 [21.71, 28.68]","04 [0.41, 0.59]",70,0.000000,0.001163802424
ZERO,Video/Internet,Hawaii,"07 [5.4369, 9.1667]","03 [5.13, 8.53]","04 [0.41, 0.59]",126,0.000000,0.002069453568
LOW,Internet/Voice,Midwest Central,"02 [0.1236, 0.597]","05 [12.29, 16.54]","08 [1.65, 2.80]",10,0.000000,0.0006092264298
ZERO,Video/Internet/Voice,Western NY,"07 [5.4369, 9.1667]","02 [2.13, 5.13]","07 [1.13, 1.65]",22,0.000000,0.002615076453
ZERO,Internet/Voice,"Greenville, SC / Georgia","01 [0.0, 0.0]","01 [0.02, 2.13]","00 [-0.00, 0.009]",6,0.000000,0.001310205972
> 0.95,Video/Internet,South Carolina,"08 [9.1684, 16.5179]",NULL,NULL,6,0.000000,0.001344078224
> 0.95,Internet/Voice,Western NY,"03 [0.5976, 1.1236]","06 [16.54, 21.71]","06 [0.81, 1.13]",4,0.000000,0.0003602906217
LOW,Video/Internet/Voice,Midwest South,"05 [1.9149, 3.2258]","09 [40.36, 1134.70]","02 [0.13, 0.26]",4,0.000000,0.001279924565
HIGH,Internet Only,TN / LA / AL,"05 [1.9149, 3.2258]","02 [2.13, 5.13]","04 [0.41, 0.59]",30081,0.000366,0.0004391820545
HIGH,Video/Internet/Voice,Midwest South,"09 [16.5192, 100.0]","02 [2.13, 5.13]","04 [0.41, 0.59]",11784,0.002206,0.001942313493
HIGH,Video/Internet,Midwest South,"01 [0.0, 0.0]","01 [0.02, 2.13]","00 [-0.00, 0.009]",6739,0.001336,0.001612129093
HIGH,Video/Internet/Voice,Wisconsin,"02 [0.1236, 0.597]","02 [2.13, 5.13]","03 [0.26, 0.41]",54469,0.001267,0.001208128672
ZERO,Video/Internet/Voice,Southern New England,"04 [1.1254, 1.9139]","00 [-0.00, 0.02]","00 [-0.00, 0.009]",2386,0.001676,0.001272174775
HIGH,Internet Only,Kentucky,"07 [5.4369, 9.1667]","06 [16.54, 21.71]","08 [1.65, 2.80]",44002,0.000636,0.0006423379785
HIGH,Video/Internet,So Cal Central,"06 [3.2313, 5.4348]","02 [2.13, 5.13]","04 [0.41, 0.59]",10458,0.001052,0.001028836501
HIGH,Video/Internet/Voice,East Florida,"08 [9.1684, 16.5179]","08 [28.685, 40.36]","08 [1.65, 2.80]",7749,0.000903,0.001291478957
HIGH,Video/Internet,Central NY,"07 [5.4369, 9.1667]","04 [8.53, 12.29]","08 [1.65, 2.80]",5485,0.000729,0.0007307867704
LOW,Internet Only,East Central Florida,"06 [3.2313, 5.4348]","02 [2.13, 5.13]","01 [0.009, 0.13]",1062,0.000942,0.0004949723749
LOW,Video/Internet/Voice,Wisconsin,"04 [1.1254, 1.9139]","02 [2.13, 5.13]","01 [0.009, 0.13]",3126,0.000640,0.001233271288
LOW,Video/Internet/Voice,Mountain States,"01 [0.0, 0.0]","03 [5.13, 8.53]","03 [0.26, 0.41]",5033,0.001391,0.0009253634537
HIGH,Video/Internet/Voice,South Texas,"05 [1.9149, 3.2258]","05 [12.29, 16.54]","02 [0.13, 0.26]",4773,0.001467,0.001269658575
ZERO,Internet/Voice,Northern Ohio,"04 [1.1254, 1.9139]","00 [-0.00, 0.02]","00 [-0.00, 0.009]",2918,0.000343,0.001162283217
LOW,Internet Only,Northern New England,"05 [1.9149, 3.2258]","06 [16.54, 21.71]","02 [0.13, 0.26]",886,0.001129,0.0003428853796
HIGH,Video/Internet/Voice,Northern Ohio,"01 [0.0, 0.0]","01 [0.02, 2.13]","08 [1.65, 2.80]",2495,0.002004,0.001632855805
LOW,Video/Internet/Voice,So Cal South,"07 [5.4369, 9.1667]","09 [40.36, 1134.70]","07 [1.13, 1.65]",3352,0.000298,0.0009789558487
HIGH,Video/Internet/Voice,Eastern NY,NULL,"00 [-0.00, 0.02]","01 [0.009, 0.13]",291,0.000000,0.001541431513
HIGH,Internet Only,Midwest Central,NULL,"02 [2.13, 5.13]","06 [0.81, 1.13]",312,0.000000,0.0005384281766
ZERO,Internet/Voice,"Greenville, SC / Georgia",NULL,"07 [21.71, 28.68]","05 [0.59, 0.81]",453,0.002208,0.001312713249
LOW,Internet Only,East Florida,"07 [5.4369, 9.1667]","01 [0.02, 2.13]","02 [0.13, 0.26]",308,0.000000,0.0004858580348
> 0.95,Internet Only,TN / LA / AL,"05 [1.9149, 3.2258]","08 [28.685, 40.36]","09 [2.80, 440.64]",423,0.002364,0.0007198855194
ZERO,Internet/Voice,Central States,"03 [0.5976, 1.1236]","08 [28.685, 40.36]","09 [2.80, 440.64]",89,0.000000,0.002074239755
ZERO,Internet Only,So Cal North,"07 [5.4369, 9.1667]","03 [5.13, 8.53]","07 [1.13, 1.65]",247,0.000000,0.0007220563081
ZERO,Video/Internet/Voice,So Cal North,"03 [0.5976, 1.1236]","06 [16.54, 21.71]","06 [0.81, 1.13]",161,0.000000,0.001981960866
> 0.95,Video/Internet/Voice,Western NC,"03 [0.5976, 1.1236]","09 [40.36, 1134.70]","06 [0.81, 1.13]",21,0.000000,0.002510776255
ZERO,Video/Internet,So Cal North,"04 [1.1254, 1.9139]","08 [28.685, 40.36]","02 [0.13, 0.26]",35,0.000000,0.00252170624
ZERO,Internet/Voice,Central NY,"02 [0.1236, 0.597]","04 [8.53, 12.29]","04 [0.41, 0.59]",24,0.000000,0.001024042532
ZERO,Video/Internet/Voice,Eastern NC,"02 [0.1236, 0.597]","02 [2.13, 5.13]","09 [2.80, 440.64]",19,0.000000,0.001920448789
ZERO,Video/Internet,Mountain States,"01 [0.0, 0.0]","05 [12.29, 16.54]","09 [2.80, 440.64]",29,0.000000,0.001422637996
> 0.95,Video/Internet,Southern New England,"01 [0.0, 0.0]","06 [16.54, 21.71]","07 [1.13, 1.65]",6,0.000000,0.0004706226918
> 0.95,Video/Internet,West Central Florida,"05 [1.9149, 3.2258]","08 [28.685, 40.36]","05 [0.59, 0.81]",4,0.000000,0.00105836024
ZERO,Internet Only,Northern New England,"07 [5.4369, 9.1667]","01 [0.02, 2.13]","06 [0.81, 1.13]",24,0.000000,0.0006830372376
> 0.95,Internet/Voice,Southern New England,"07 [5.4369, 9.1667]","04 [8.53, 12.29]","03 [0.26, 0.41]",4,0.000000,0.0005492549666
HIGH,Video/Internet,Western NY,"04 [1.1254, 1.9139]","09 [40.36, 1134.70]","05 [0.59, 0.81]",10962,0.000547,0.0008772208487
ZERO,Internet Only,TN / LA / AL,NULL,"03 [5.13, 8.53]","04 [0.41, 0.59]",12867,0.000699,0.0008446969761
HIGH,Internet Only,Southern New England,"01 [0.0, 0.0]","08 [28.685, 40.36]","09 [2.80, 440.64]",50073,0.000399,0.0003401865648
HIGH,Video/Internet/Voice,East Florida,"04 [1.1254, 1.9139]","02 [2.13, 5.13]","04 [0.41, 0.59]",12497,0.001520,0.002239155344
HIGH,Internet/Voice,So Cal South,"02 [0.1236, 0.597]","07 [21.71, 28.68]","05 [0.59, 0.81]",8269,0.000363,0.0003861421813
LOW,Video/Internet,Minnesota,"03 [0.5976, 1.1236]",NULL,NULL,1522,0.000000,0.0006190745216
HIGH,Video/Internet,"Greenville, SC / Georgia","02 [0.1236, 0.597]","06 [16.54, 21.71]","04 [0.41, 0.59]",10406,0.000673,0.0007333757047
HIGH,Video/Internet,Eastern NC,"06 [3.2313, 5.4348]","07 [21.71, 28.68]","04 [0.41, 0.59]",28548,0.000981,0.0008462532477
HIGH,Video/Internet/Voice,West Florida,"05 [1.9149, 3.2258]","02 [2.13, 5.13]","06 [0.81, 1.13]",7953,0.003018,0.001821089137
HIGH,Video/Internet,Eastern NC,NULL,"03 [5.13, 8.53]","09 [2.80, 440.64]",360,0.000000,0.00119502749
HIGH,Video/Internet/Voice,So Cal Central,"07 [5.4369, 9.1667]","01 [0.02, 2.13]","09 [2.80, 440.64]",1884,0.001062,0.001704814674
HIGH,Video/Internet,Eastern NY,"09 [16.5192, 100.0]","09 [40.36, 1134.70]","04 [0.41, 0.59]",4303,0.000930,0.0007192226371
LOW,Video/Internet,North Texas,"03 [0.5976, 1.1236]","05 [12.29, 16.54]","03 [0.26, 0.41]",1390,0.000000,0.000921246572
HIGH,Internet/Voice,Eastern NY,"03 [0.5976, 1.1236]","07 [21.71, 28.68]","07 [1.13, 1.65]",5710,0.000525,0.0004233764041
HIGH,Internet/Voice,East Florida,"03 [0.5976, 1.1236]","01 [0.02, 2.13]","06 [0.81, 1.13]",191,0.000000,0.0007338046924
HIGH,Internet/Voice,South Texas,"08 [9.1684, 16.5179]","06 [16.54, 21.71]","09 [2.80, 440.64]",4635,0.000431,0.0006473745285
ZERO,Internet Only,Sierra Nevada,"06 [3.2313, 5.4348]","07 [21.71, 28.68]","09 [2.80, 440.64]",556,0.000000,0.000917247741
HIGH,Video/Internet,Sierra Nevada,NULL,"08 [28.685, 40.36]","04 [0.41, 0.59]",116,0.000000,0.0009513573552
LOW,Internet/Voice,Northern Ohio,"07 [5.4369, 9.1667]","07 [21.71, 28.68]","07 [1.13, 1.65]",253,0.000000,0.0004819757567
> 0.95,Video/Internet,So Cal North,"01 [0.0, 0.0]","05 [12.29, 16.54]","01 [0.009, 0.13]",4,0.000000,0.0008893588165
ZERO,Internet Only,South Carolina,"04 [1.1254, 1.9139]","08 [28.685, 40.36]","07 [1.13, 1.65]",603,0.003317,0.0009051880314
ZERO,Video/Internet,So Cal Central,"08 [9.1684, 16.5179]","08 [28.685, 40.36]","09 [2.80, 440.64]",542,0.000000,0.001252810919
HIGH,Internet Only,Southern New England,"09 [16.5192, 100.0]","09 [40.36, 1134.70]","03 [0.26, 0.41]",1018,0.000000,0.0003342111416
LOW,Video/Internet/Voice,Michigan,"03 [0.5976, 1.1236]","02 [2.13, 5.13]","05 [0.59, 0.81]",348,0.002874,0.001375399843
ZERO,Video/Internet/Voice,Central States,"07 [5.4369, 9.1667]","05 [12.29, 16.54]","05 [0.59, 0.81]",78,0.000000,0.002704003886
LOW,Video/Internet/Voice,Mountain States,"01 [0.0, 0.0]","00 [-0.00, 0.02]","04 [0.41, 0.59]",14,0.000000,0.0005753609867
ZERO,Video/Internet/Voice,Eastern NC,"04 [1.1254, 1.9139]","02 [2.13, 5.13]","04 [0.41, 0.59]",412,0.002427,0.002103936752
> 0.95,Internet Only,Mountain States,"04 [1.1254, 1.9139]","07 [21.71, 28.68]","07 [1.13, 1.65]",57,0.000000,0.0003414055494
ZERO,Video/Internet/Voice,North Texas,"04 [1.1254, 1.9139]","03 [5.13, 8.53]","08 [1.65, 2.80]",23,0.000000,0.002492137475
> 0.95,Video/Internet/Voice,"Greenville, SC / Georgia","03 [0.5976, 1.1236]","06 [16.54, 21.71]","07 [1.13, 1.65]",33,0.000000,0.001393051952
ZERO,Internet/Voice,So Cal Central,"07 [5.4369, 9.1667]","08 [28.685, 40.36]","08 [1.65, 2.80]",130,0.000000,0.001043057496
ZERO,Internet/Voice,Midwest South,"05 [1.9149, 3.2258]","08 [28.685, 40.36]","09 [2.80, 440.64]",76,0.000000,0.001339452495
ZERO,Video/Internet,So Cal Central,NULL,"08 [28.685, 40.36]","05 [0.59, 0.81]",40,0.000000,0.001728544477
> 0.95,Internet Only,"Greenville, SC / Georgia","01 [0.0, 0.0]","05 [12.29, 16.54]","03 [0.26, 0.41]",133,0.000000,0.0004760091643
> 0.95,Video/Internet,Wisconsin,"03 [0.5976, 1.1236]","03 [5.13, 8.53]","08 [1.65, 2.80]",7,0.000000,0.0009114998186
> 0.95,Video/Internet/Voice,South Carolina,"09 [16.5192, 100.0]","00 [-0.00, 0.02]","00 [-0.00, 0.009]",10,0.000000,0.008120694484
> 0.95,Video/Internet/Voice,Sierra Nevada,"06 [3.2313, 5.4348]","01 [0.02, 2.13]","03 [0.26, 0.41]",8,0.000000,0.0009354626931
HIGH,Internet/Voice,Southern New England,NULL,"08 [28.685, 40.36]","04 [0.41, 0.59]",4,0.000000,0.0007117360366
> 0.95,Video/Internet,Southern New England,"04 [1.1254, 1.9139]","03 [5.13, 8.53]","08 [1.65, 2.80]",2,0.000000,0.001404733242
ZERO,Internet Only,Kansas City / Lincoln,NULL,"01 [0.02, 2.13]","00 [-0.00, 0.009]",545,0.001835,0.0008511837174
HIGH,Internet Only,TN / LA / AL,"03 [0.5976, 1.1236]","03 [5.13, 8.53]","09 [2.80, 440.64]",6642,0.000301,0.0004673296566
HIGH,Video/Internet/Voice,So Cal Central,"01 [0.0, 0.0]","03 [5.13, 8.53]","01 [0.009, 0.13]",10588,0.001322,0.001269050671
HIGH,Video/Internet/Voice,East Central Florida,"04 [1.1254, 1.9139]","01 [0.02, 2.13]","04 [0.41, 0.59]",3588,0.003344,0.002579782413
HIGH,Internet/Voice,Central Texas,"01 [0.0, 0.0]","08 [28.685, 40.36]","08 [1.65, 2.80]",25959,0.000462,0.0004578352767
HIGH,Internet Only,South Manhattan,"09 [16.5192, 100.0]","05 [12.29, 16.54]","07 [1.13, 1.65]",1806,0.000554,0.0003902052236
LOW,Internet Only,Mountain States,"05 [1.9149, 3.2258]","07 [21.71, 28.68]","08 [1.65, 2.80]",1700,0.000000,0.0002709277499
HIGH,Internet Only,Central NY,"03 [0.5976, 1.1236]","05 [12.29, 16.54]","01 [0.009, 0.13]",1613,0.000620,0.0003264605624
LOW,Internet/Voice,Western NY,"04 [1.1254, 1.9139]","04 [8.53, 12.29]","08 [1.65, 2.80]",61,0.000000,0.0006668291855
HIGH,Internet Only,Kansas City / Lincoln,"07 [5.4369, 9.1667]","08 [28.685, 40.36]","02 [0.13, 0.26]",1380,0.000000,0.0005099884013
LOW,Internet Only,Central NY,"07 [5.4369, 9.1667]","07 [21.71, 28.68]","08 [1.65, 2.80]",5014,0.000199,0.0003977955502
LOW,Internet Only,Southern New England,"06 [3.2313, 5.4348]","06 [16.54, 21.71]","02 [0.13, 0.26]",354,0.000000,0.0002710960992
LOW,Internet Only,Brooklyn / Queens,"07 [5.4369, 9.1667]","07 [21.71, 28.68]","07 [1.13, 1.65]",3699,0.000000,0.0004594505157
LOW,Internet Only,So Cal South,"02 [0.1236, 0.597]",NULL,NULL,2055,0.000000,0.0002984116913
ZERO,Video/Internet,Michigan,NULL,"03 [5.13, 8.53]","07 [1.13, 1.65]",235,0.000000,0.00102817232
ZERO,Internet Only,Central NY,"01 [0.0, 0.0]","02 [2.13, 5.13]","02 [0.13, 0.26]",1019,0.000981,0.0007034911986
ZERO,Internet Only,North Texas,"09 [16.5192, 100.0]","05 [12.29, 16.54]","07 [1.13, 1.65]",2291,0.003492,0.001646709802
HIGH,Video/Internet/Voice,North Texas,NULL,"05 [12.29, 16.54]","07 [1.13, 1.65]",226,0.000000,0.001957494937
HIGH,Internet/Voice,So Cal South,"01 [0.0, 0.0]","00 [-0.00, 0.02]","03 [0.26, 0.41]",83,0.000000,0.0004665400727
ZERO,Video/Internet/Voice,Western NY,"09 [16.5192, 100.0]","05 [12.29, 16.54]","08 [1.65, 2.80]",102,0.000000,0.00191043628
HIGH,Internet Only,Midwest South,"03 [0.5976, 1.1236]","08 [28.685, 40.36]","01 [0.009, 0.13]",80,0.000000,0.0004506986746
LOW,Video/Internet/Voice,West Central Florida,"03 [0.5976, 1.1236]",NULL,NULL,220,0.000000,0.001142624761
ZERO,Video/Internet,Sierra Nevada,"05 [1.9149, 3.2258]","03 [5.13, 8.53]","03 [0.26, 0.41]",152,0.000000,0.001366205201
ZERO,Video/Internet,Eastern NY,"07 [5.4369, 9.1667]","03 [5.13, 8.53]","07 [1.13, 1.65]",88,0.000000,0.00114414448
HIGH,Video/Internet,South Carolina,"06 [3.2313, 5.4348]","01 [0.02, 2.13]","09 [2.80, 440.64]",575,0.000000,0.001338854549
LOW,Internet/Voice,TN / LA / AL,NULL,"06 [16.54, 21.71]","05 [0.59, 0.81]",40,0.000000,0.001068479064
> 0.95,Video/Internet,Michigan,"05 [1.9149, 3.2258]","08 [28.685, 40.36]","05 [0.59, 0.81]",20,0.000000,0.001136868209
ZERO,Internet Only,Wisconsin,"09 [16.5192, 100.0]","00 [-0.00, 0.02]","01 [0.009, 0.13]",74,0.000000,0.0004522334484
LOW,Video/Internet,Kentucky,"09 [16.5192, 100.0]","00 [-0.00, 0.02]","03 [0.26, 0.41]",3,0.000000,0.0005389523257
ZERO,Internet Only,Michigan,"01 [0.0, 0.0]","00 [-0.00, 0.02]","03 [0.26, 0.41]",5,0.000000,0.001560416075
HIGH,Video/Internet,Wisconsin,"06 [3.2313, 5.4348]","00 [-0.00, 0.02]","03 [0.26, 0.41]",39,0.000000,0.0005624584775
> 0.95,Video/Internet/Voice,West Central Florida,"06 [3.2313, 5.4348]","04 [8.53, 12.29]","03 [0.26, 0.41]",4,0.000000,0.002619530832
> 0.95,Video/Internet/Voice,So Cal South,"09 [16.5192, 100.0]","04 [8.53, 12.29]","04 [0.41, 0.59]",5,0.000000,0.002744332908
HIGH,Internet Only,So Cal North,"01 [0.0, 0.0]","04 [8.53, 12.29]","02 [0.13, 0.26]",153998,0.000214,0.0002728334675
HIGH,Internet Only,South Texas,"08 [9.1684, 16.5179]","04 [8.53, 12.29]","05 [0.59, 0.81]",60681,0.000478,0.0004438517906
LOW,Video/Internet,So Cal South,"03 [0.5976, 1.1236]","03 [5.13, 8.53]","03 [0.26, 0.41]",9717,0.000823,0.0008446967722
HIGH,Internet Only,North Texas,"03 [0.5976, 1.1236]","04 [8.53, 12.29]","02 [0.13, 0.26]",64869,0.000385,0.0004685039577
HIGH,Internet Only,Pacific Northwest,"02 [0.1236, 0.597]","03 [5.13, 8.53]","03 [0.26, 0.41]",59763,0.000251,0.0002591768668
HIGH,Video/Internet/Voice,East Central Florida,"01 [0.0, 0.0]","02 [2.13, 5.13]","06 [0.81, 1.13]",11569,0.001556,0.001937794596
HIGH,Video/Internet/Voice,West Florida,"06 [3.2313, 5.4348]","02 [2.13, 5.13]","01 [0.009, 0.13]",29533,0.001896,0.001942339866
HIGH,Internet Only,Minnesota,"02 [0.1236, 0.597]","09 [40.36, 1134.70]","07 [1.13, 1.65]",26397,0.000152,0.0003188631734
HIGH,Video/Internet/Voice,So Cal South,"06 [3.2313, 5.4348]","05 [12.29, 16.54]","09 [2.80, 440.64]",7907,0.001138,0.001035426894
LOW,Internet Only,East Central Florida,"01 [0.0, 0.0]","01 [0.02, 2.13]","05 [0.59, 0.81]",1325,0.000755,0.000455217563
LOW,Video/Internet,So Cal North,"08 [9.1684, 16.5179]","09 [40.36, 1134.70]","07 [1.13, 1.65]",5762,0.000521,0.0008867168612
LOW,Video/Internet/Voice,West Central Florida,"03 [0.5976, 1.1236]","09 [40.36, 1134.70]","09 [2.80, 440.64]",2877,0.000695,0.001226604966
HIGH,Internet/Voice,Central States,"08 [9.1684, 16.5179]","05 [12.29, 16.54]","03 [0.26, 0.41]",4371,0.000458,0.000774416427
HIGH,Video/Internet/Voice,Kentucky,NULL,"05 [12.29, 16.54]","02 [0.13, 0.26]",313,0.003195,0.002298161369
LOW,Internet Only,Sierra Nevada,"09 [16.5192, 100.0]","06 [16.54, 21.71]","09 [2.80, 440.64]",937,0.000000,0.0003574776808
> 0.95,Video/Internet,Midwest Central,"06 [3.2313, 5.4348]","06 [16.54, 21.71]","06 [0.81, 1.13]",44,0.000000,0.0007343407296
LOW,Video/Internet,Southern New England,"06 [3.2313, 5.4348]","04 [8.53, 12.29]","07 [1.13, 1.65]",613,0.000000,0.0007306054576
HIGH,Internet/Voice,Western NY,"07 [5.4369, 9.1667]","09 [40.36, 1134.70]","04 [0.41, 0.59]",1759,0.000569,0.0006869323484
ZERO,Internet Only,Eastern NC,"03 [0.5976, 1.1236]","07 [21.71, 28.68]","05 [0.59, 0.81]",1436,0.000000,0.0007587525727
LOW,Internet Only,Hawaii,"08 [9.1684, 16.5179]","04 [8.53, 12.29]","06 [0.81, 1.13]",817,0.000000,0.0004308585238
LOW,Internet Only,Kansas City / Lincoln,"03 [0.5976, 1.1236]","09 [40.36, 1134.70]","03 [0.26, 0.41]",224,0.000000,0.0004746240065
ZERO,Internet Only,Western NY,"03 [0.5976, 1.1236]","01 [0.02, 2.13]","02 [0.13, 0.26]",172,0.000000,0.0008725560356
ZERO,Video/Internet/Voice,So Cal North,"09 [16.5192, 100.0]","03 [5.13, 8.53]","03 [0.26, 0.41]",150,0.000000,0.002190037968
LOW,Video/Internet,Northern New England,"03 [0.5976, 1.1236]","07 [21.71, 28.68]","04 [0.41, 0.59]",617,0.001621,0.0006512344991
> 0.95,Internet Only,Midwest South,"02 [0.1236, 0.597]","05 [12.29, 16.54]","09 [2.80, 440.64]",83,0.000000,0.0007577045867
LOW,Internet/Voice,East Florida,"06 [3.2313, 5.4348]","07 [21.71, 28.68]","08 [1.65, 2.80]",69,0.000000,0.0006328102348
ZERO,Internet/Voice,TN / LA / AL,"02 [0.1236, 0.597]","05 [12.29, 16.54]","04 [0.41, 0.59]",28,0.000000,0.00103879436
ZERO,Video/Internet/Voice,Manhattan / Staten Is / Mt Ver,"07 [5.4369, 9.1667]","01 [0.02, 2.13]","02 [0.13, 0.26]",42,0.000000,0.003087269903
> 0.95,Internet Only,Midwest South,"02 [0.1236, 0.597]","01 [0.02, 2.13]","09 [2.80, 440.64]",10,0.000000,0.0004860340047
ZERO,Internet/Voice,Midwest Central,"02 [0.1236, 0.597]","02 [2.13, 5.13]","01 [0.009, 0.13]",48,0.000000,0.001118210185
ZERO,Internet/Voice,Central NY,"09 [16.5192, 100.0]","01 [0.02, 2.13]","02 [0.13, 0.26]",56,0.000000,0.001462375321
> 0.95,Video/Internet,Eastern NC,"01 [0.0, 0.0]","02 [2.13, 5.13]","07 [1.13, 1.65]",6,0.000000,0.001298822317
ZERO,Internet/Voice,Northern New England,"06 [3.2313, 5.4348]","01 [0.02, 2.13]","03 [0.26, 0.41]",17,0.000000,0.001148755025
LOW,Internet/Voice,Manhattan / Staten Is / Mt Ver,"09 [16.5192, 100.0]","01 [0.02, 2.13]","00 [-0.00, 0.009]",11,0.000000,0.0008828345662
> 0.95,Video/Internet/Voice,Central Texas,"03 [0.5976, 1.1236]","03 [5.13, 8.53]","02 [0.13, 0.26]",10,0.000000,0.001101075998
> 0.95,Internet Only,South Carolina,NULL,"02 [2.13, 5.13]","03 [0.26, 0.41]",4,0.000000,0.001193506137
HIGH,Internet Only,So Cal Central,"03 [0.5976, 1.1236]","07 [21.71, 28.68]","04 [0.41, 0.59]",57892,0.000225,0.0002795123472
HIGH,Video/Internet,South Texas,"09 [16.5192, 100.0]","07 [21.71, 28.68]","04 [0.41, 0.59]",23481,0.000596,0.0009480323496
ZERO,Video/Internet/Voice,Western NY,NULL,"09 [40.36, 1134.70]","08 [1.65, 2.80]",7425,0.000539,0.001086069947
HIGH,Video/Internet,Southern New England,"02 [0.1236, 0.597]","08 [28.685, 40.36]","07 [1.13, 1.65]",4185,0.000717,0.0006368034421
HIGH,Video/Internet,Central States,"02 [0.1236, 0.597]","02 [2.13, 5.13]","05 [0.59, 0.81]",7611,0.001314,0.001121169552
LOW,Video/Internet,West Florida,NULL,"00 [-0.00, 0.02]","00 [-0.00, 0.009]",461,0.006508,0.003908466167
LOW,Video/Internet/Voice,Eastern NC,"06 [3.2313, 5.4348]","05 [12.29, 16.54]","05 [0.59, 0.81]",2134,0.000937,0.001321050309
LOW,Internet/Voice,"Greenville, SC / Georgia","01 [0.0, 0.0]","02 [2.13, 5.13]","01 [0.009, 0.13]",1434,0.000000,0.0005139711461
> 0.95,Internet Only,Central States,"04 [1.1254, 1.9139]","07 [21.71, 28.68]","07 [1.13, 1.65]",276,0.000000,0.0009543238458
LOW,Video/Internet,Manhattan / Staten Is / Mt Ver,"09 [16.5192, 100.0]","02 [2.13, 5.13]","04 [0.41, 0.59]",295,0.006780,0.001259728097
> 0.95,Internet Only,Central Texas,"04 [1.1254, 1.9139]","04 [8.53, 12.29]","06 [0.81, 1.13]",54,0.000000,0.0005240547392
HIGH,Internet/Voice,Northern Ohio,"09 [16.5192, 100.0]","02 [2.13, 5.13]","08 [1.65, 2.80]",385,0.002597,0.0005746130403
HIGH,Internet/Voice,Wisconsin,"02 [0.1236, 0.597]","00 [-0.00, 0.02]","04 [0.41, 0.59]",3,0.000000,0.000159274091
ZERO,Internet Only,So Cal South,NULL,"00 [-0.00, 0.02]","01 [0.009, 0.13]",90,0.000000,0.0008323034793
ZERO,Video/Internet,So Cal Central,"02 [0.1236, 0.597]","04 [8.53, 12.29]","08 [1.65, 2.80]",66,0.000000,0.001062862464
> 0.95,Video/Internet/Voice,So Cal South,"01 [0.0, 0.0]","05 [12.29, 16.54]","08 [1.65, 2.80]",14,0.000000,0.00204669397
ZERO,Video/Internet,Midwest South,"02 [0.1236, 0.597]","03 [5.13, 8.53]","06 [0.81, 1.13]",18,0.000000,0.001198342022
LOW,Video/Internet/Voice,Kentucky,"07 [5.4369, 9.1667]","09 [40.36, 1134.70]","02 [0.13, 0.26]",26,0.000000,0.001403568396
ZERO,Internet Only,Pacific Northwest,NULL,"02 [2.13, 5.13]","05 [0.59, 0.81]",559,0.000000,0.0007482986228
ZERO,Video/Internet/Voice,So Cal South,"04 [1.1254, 1.9139]","05 [12.29, 16.54]","02 [0.13, 0.26]",103,0.000000,0.003018221842
ZERO,Video/Internet,Mountain States,"04 [1.1254, 1.9139]","03 [5.13, 8.53]","04 [0.41, 0.59]",43,0.000000,0.001240813882
> 0.95,Internet Only,Central Texas,"01 [0.0, 0.0]","02 [2.13, 5.13]","01 [0.009, 0.13]",79,0.000000,0.00065179373
HIGH,Video/Internet/Voice,"Greenville, SC / Georgia",NULL,"04 [8.53, 12.29]","09 [2.80, 440.64]",68,0.000000,0.00133075135
> 0.95,Internet Only,West Florida,"03 [0.5976, 1.1236]","00 [-0.00, 0.02]","01 [0.009, 0.13]",14,0.000000,0.0004093355375
ZERO,Video/Internet/Voice,Midwest Central,"02 [0.1236, 0.597]","07 [21.71, 28.68]","04 [0.41, 0.59]",57,0.000000,0.002271926725
ZERO,Internet/Voice,So Cal South,"02 [0.1236, 0.597]","04 [8.53, 12.29]","09 [2.80, 440.64]",19,0.000000,0.00138080517
> 0.95,Internet/Voice,Wisconsin,"01 [0.0, 0.0]","03 [5.13, 8.53]","05 [0.59, 0.81]",10,0.000000,0.0004520327347
> 0.95,Internet Only,Pacific Northwest,"02 [0.1236, 0.597]","08 [28.685, 40.36]","05 [0.59, 0.81]",18,0.000000,0.0003330191009
ZERO,Internet Only,Southern New England,"05 [1.9149, 3.2258]","02 [2.13, 5.13]","09 [2.80, 440.64]",6,0.000000,0.000926141744
LOW,Internet Only,Manhattan / Staten Is / Mt Ver,"08 [9.1684, 16.5179]","08 [28.685, 40.36]","01 [0.009, 0.13]",2,0.000000,0.0004019393106
> 0.95,Internet Only,East Florida,"05 [1.9149, 3.2258]","06 [16.54, 21.71]","09 [2.80, 440.64]",5,0.000000,0.001115367278
ZERO,Internet/Voice,So Cal North,"01 [0.0, 0.0]",NULL,NULL,5676,0.000529,0.0005148210939
LOW,Internet Only,So Cal South,"07 [5.4369, 9.1667]","09 [40.36, 1134.70]","06 [0.81, 1.13]",6379,0.000157,0.0003548166786
HIGH,Internet Only,Midwest South,"02 [0.1236, 0.597]","07 [21.71, 28.68]","07 [1.13, 1.65]",18304,0.000328,0.0005036072562
HIGH,Internet/Voice,So Cal Central,"05 [1.9149, 3.2258]","01 [0.02, 2.13]","03 [0.26, 0.41]",2594,0.000771,0.0005019266972
LOW,Internet Only,Kentucky,"04 [1.1254, 1.9139]","04 [8.53, 12.29]","04 [0.41, 0.59]",6544,0.000458,0.0004871362541
ZERO,Internet/Voice,Central Texas,NULL,"07 [21.71, 28.68]","04 [0.41, 0.59]",351,0.000000,0.001150165605
LOW,Internet Only,"Greenville, SC / Georgia","03 [0.5976, 1.1236]","08 [28.685, 40.36]","09 [2.80, 440.64]",4896,0.000204,0.0004465344812
LOW,Internet Only,Eastern NY,"09 [16.5192, 100.0]","07 [21.71, 28.68]","08 [1.65, 2.80]",3061,0.000000,0.0004109435675
LOW,Video/Internet,Western NC,"03 [0.5976, 1.1236]","04 [8.53, 12.29]","02 [0.13, 0.26]",1234,0.002431,0.0009825296725
ZERO,Internet Only,TN / LA / AL,"05 [1.9149, 3.2258]","06 [16.54, 21.71]","09 [2.80, 440.64]",577,0.000000,0.0009140612165
ZERO,Internet/Voice,Central NY,"05 [1.9149, 3.2258]","04 [8.53, 12.29]","03 [0.26, 0.41]",86,0.000000,0.001174973987
> 0.95,Video/Internet/Voice,Eastern NC,"08 [9.1684, 16.5179]","05 [12.29, 16.54]","01 [0.009, 0.13]",10,0.000000,0.001080861167
ZERO,Video/Internet,So Cal Central,"01 [0.0, 0.0]","05 [12.29, 16.54]","08 [1.65, 2.80]",745,0.001342,0.0009884378933
ZERO,Video/Internet/Voice,Central Texas,"06 [3.2313, 5.4348]","05 [12.29, 16.54]","04 [0.41, 0.59]",61,0.000000,0.002471119057
ZERO,Internet Only,Western NY,"06 [3.2313, 5.4348]","03 [5.13, 8.53]","05 [0.59, 0.81]",263,0.000000,0.001006107662
ZERO,Internet Only,Mountain States,"06 [3.2313, 5.4348]","07 [21.71, 28.68]","08 [1.65, 2.80]",120,0.008333,0.0005540315423
LOW,Internet/Voice,South Carolina,"03 [0.5976, 1.1236]","05 [12.29, 16.54]","09 [2.80, 440.64]",72,0.000000,0.0007003063682
LOW,Video/Internet,West Florida,"09 [16.5192, 100.0]","04 [8.53, 12.29]","06 [0.81, 1.13]",575,0.001739,0.0009033592585
ZERO,Internet Only,Sierra Nevada,"06 [3.2313, 5.4348]","02 [2.13, 5.13]","06 [0.81, 1.13]",80,0.000000,0.000785964247
HIGH,Video/Internet,Midwest Central,"07 [5.4369, 9.1667]","09 [40.36, 1134.70]","01 [0.009, 0.13]",29,0.000000,0.0009256169886
LOW,Internet/Voice,Western NY,"08 [9.1684, 16.5179]","09 [40.36, 1134.70]","07 [1.13, 1.65]",325,0.000000,0.0007353811277
ZERO,Video/Internet/Voice,Kansas City / Lincoln,"01 [0.0, 0.0]","04 [8.53, 12.29]","01 [0.009, 0.13]",46,0.000000,0.00202210918
LOW,Video/Internet/Voice,Midwest South,"08 [9.1684, 16.5179]","00 [-0.00, 0.02]","02 [0.13, 0.26]",9,0.000000,0.001482125355
> 0.95,Video/Internet,Central States,"03 [0.5976, 1.1236]","01 [0.02, 2.13]","04 [0.41, 0.59]",25,0.000000,0.003895681582
> 0.95,Internet Only,South Carolina,"07 [5.4369, 9.1667]","04 [8.53, 12.29]","01 [0.009, 0.13]",9,0.000000,0.0005924002389
LOW,Video/Internet,North Texas,"02 [0.1236, 0.597]","00 [-0.00, 0.02]","01 [0.009, 0.13]",8,0.000000,0.003232185578
> 0.95,Video/Internet,Western NY,"05 [1.9149, 3.2258]","03 [5.13, 8.53]","06 [0.81, 1.13]",9,0.000000,0.001179624062
> 0.95,Video/Internet,Hawaii,"01 [0.0, 0.0]","06 [16.54, 21.71]","06 [0.81, 1.13]",3,0.000000,0.000610198078
HIGH,Internet Only,East Central Florida,"04 [1.1254, 1.9139]","03 [5.13, 8.53]","00 [-0.00, 0.009]",9,0.000000,0.0007708197534
ZERO,Internet Only,West Central Florida,"09 [16.5192, 100.0]",NULL,NULL,9219,0.000325,0.0004984608478
HIGH,Video/Internet/Voice,South Texas,"01 [0.0, 0.0]","08 [28.685, 40.36]","04 [0.41, 0.59]",10678,0.000749,0.001042839978
HIGH,Video/Internet,Minnesota,"03 [0.5976, 1.1236]","08 [28.685, 40.36]","07 [1.13, 1.65]",16176,0.000185,0.0005079344242
HIGH,Internet Only,South Manhattan,"04 [1.1254, 1.9139]","04 [8.53, 12.29]","05 [0.59, 0.81]",8928,0.000336,0.0002734280776
LOW,Internet Only,So Cal South,"01 [0.0, 0.0]","04 [8.53, 12.29]","04 [0.41, 0.59]",91957,0.000196,0.0002468784343
LOW,Video/Internet/Voice,Midwest South,"04 [1.1254, 1.9139]","04 [8.53, 12.29]","06 [0.81, 1.13]",543,0.005525,0.001670890864
HIGH,Internet/Voice,South Carolina,"04 [1.1254, 1.9139]","02 [2.13, 5.13]","04 [0.41, 0.59]",1783,0.000561,0.0006421233602
LOW,Internet Only,Southern New England,"04 [1.1254, 1.9139]","04 [8.53, 12.29]","05 [0.59, 0.81]",1400,0.000000,0.0002859270452
LOW,Internet Only,Eastern NC,"02 [0.1236, 0.597]","06 [16.54, 21.71]","05 [0.59, 0.81]",1112,0.000000,0.0004248626329
ZERO,Video/Internet/Voice,Brooklyn / Queens,"03 [0.5976, 1.1236]","09 [40.36, 1134.70]","06 [0.81, 1.13]",87,0.000000,0.002160585223
HIGH,Video/Internet/Voice,Minnesota,"04 [1.1254, 1.9139]","01 [0.02, 2.13]","04 [0.41, 0.59]",1765,0.001133,0.001156513032
> 0.95,Video/Internet,"Greenville, SC / Georgia","06 [3.2313, 5.4348]","09 [40.36, 1134.70]","07 [1.13, 1.65]",282,0.000000,0.00100296074
LOW,Internet/Voice,Manhattan / Staten Is / Mt Ver,"03 [0.5976, 1.1236]","03 [5.13, 8.53]","09 [2.80, 440.64]",236,0.000000,0.0004332682059
ZERO,Internet Only,Central NY,"06 [3.2313, 5.4348]","06 [16.54, 21.71]","04 [0.41, 0.59]",648,0.003086,0.0007619811834
LOW,Internet Only,Brooklyn / Queens,NULL,"04 [8.53, 12.29]","06 [0.81, 1.13]",700,0.000000,0.0005302631393
ZERO,Video/Internet,Eastern NY,"09 [16.5192, 100.0]","02 [2.13, 5.13]","02 [0.13, 0.26]",466,0.002146,0.001463096664
> 0.95,Internet Only,So Cal North,"06 [3.2313, 5.4348]","07 [21.71, 28.68]","03 [0.26, 0.41]",56,0.000000,0.0004291424474
> 0.95,Video/Internet,Western NC,"06 [3.2313, 5.4348]","07 [21.71, 28.68]","04 [0.41, 0.59]",74,0.000000,0.0009948333448
ZERO,Video/Internet/Voice,Wisconsin,"01 [0.0, 0.0]","06 [16.54, 21.71]","06 [0.81, 1.13]",190,0.000000,0.001741301771
ZERO,Internet Only,Manhattan / Staten Is / Mt Ver,"02 [0.1236, 0.597]","01 [0.02, 2.13]","06 [0.81, 1.13]",6,0.000000,0.0006704783075
> 0.95,Internet/Voice,South Carolina,"02 [0.1236, 0.597]","07 [21.71, 28.68]","09 [2.80, 440.64]",2,0.000000,0.0005494883389
> 0.95,Internet/Voice,Wisconsin,"04 [1.1254, 1.9139]","07 [21.71, 28.68]","02 [0.13, 0.26]",10,0.100000,0.0003783425868
> 0.95,Internet/Voice,Southern New England,"05 [1.9149, 3.2258]","04 [8.53, 12.29]","07 [1.13, 1.65]",8,0.000000,0.0005940589425
> 0.95,Video/Internet,"Greenville, SC / Georgia","06 [3.2313, 5.4348]","08 [28.685, 40.36]","01 [0.009, 0.13]",2,0.000000,0.0008162290304
> 0.95,Video/Internet,Michigan,"06 [3.2313, 5.4348]","04 [8.53, 12.29]","03 [0.26, 0.41]",16,0.000000,0.0007949833185
> 0.95,Video/Internet/Voice,Michigan,"09 [16.5192, 100.0]","05 [12.29, 16.54]","09 [2.80, 440.64]",2,0.000000,0.001995002905
ZERO,Video/Internet/Voice,Minnesota,"07 [5.4369, 9.1667]","01 [0.02, 2.13]","09 [2.80, 440.64]",1,0.000000,0.001205903067
HIGH,Video/Internet/Voice,South Texas,"09 [16.5192, 100.0]","07 [21.71, 28.68]","04 [0.41, 0.59]",8235,0.001579,0.001243419983
HIGH,Video/Internet,Wisconsin,"07 [5.4369, 9.1667]","09 [40.36, 1134.70]","06 [0.81, 1.13]",31332,0.000543,0.0006497579462
HIGH,Video/Internet,Midwest Central,"06 [3.2313, 5.4348]","07 [21.71, 28.68]","03 [0.26, 0.41]",17197,0.000814,0.000778345319
HIGH,Internet Only,Central States,"09 [16.5192, 100.0]","07 [21.71, 28.68]","04 [0.41, 0.59]",27864,0.000610,0.0006315268407
HIGH,Video/Internet,So Cal South,"02 [0.1236, 0.597]",NULL,NULL,11341,0.000705,0.0005943892755
HIGH,Internet/Voice,Brooklyn / Queens,"08 [9.1684, 16.5179]","07 [21.71, 28.68]","09 [2.80, 440.64]",2308,0.000433,0.0006318460868
LOW,Internet/Voice,Northern New England,"05 [1.9149, 3.2258]","06 [16.54, 21.71]","04 [0.41, 0.59]",676,0.000000,0.0005007848684
HIGH,Video/Internet,Southern New England,"02 [0.1236, 0.597]","01 [0.02, 2.13]","07 [1.13, 1.65]",122,0.000000,0.0009250274136
LOW,Internet Only,Central Texas,NULL,"09 [40.36, 1134.70]","08 [1.65, 2.80]",1733,0.001731,0.0008977227086
LOW,Internet Only,Eastern NC,"07 [5.4369, 9.1667]","01 [0.02, 2.13]","09 [2.80, 440.64]",518,0.001931,0.0004647527798
LOW,Video/Internet/Voice,South Manhattan,"03 [0.5976, 1.1236]","06 [16.54, 21.71]","04 [0.41, 0.59]",732,0.000000,0.0009571012467
ZERO,Internet/Voice,"Greenville, SC / Georgia","07 [5.4369, 9.1667]","04 [8.53, 12.29]","05 [0.59, 0.81]",29,0.000000,0.001033893455
HIGH,Video/Internet/Voice,Mountain States,"09 [16.5192, 100.0]","04 [8.53, 12.29]","09 [2.80, 440.64]",103,0.000000,0.001466142275
> 0.95,Internet Only,Mountain States,"04 [1.1254, 1.9139]","01 [0.02, 2.13]","03 [0.26, 0.41]",8,0.000000,0.0002625463901
ZERO,Video/Internet/Voice,East Central Florida,"05 [1.9149, 3.2258]","04 [8.53, 12.29]","07 [1.13, 1.65]",50,0.000000,0.002319312877
> 0.95,Video/Internet,Eastern NC,"08 [9.1684, 16.5179]","05 [12.29, 16.54]","08 [1.65, 2.80]",7,0.000000,0.0009218510414
ZERO,Video/Internet,South Texas,"03 [0.5976, 1.1236]","08 [28.685, 40.36]","02 [0.13, 0.26]",25,0.000000,0.001559811017
ZERO,Internet/Voice,South Texas,"09 [16.5192, 100.0]","09 [40.36, 1134.70]","04 [0.41, 0.59]",20,0.000000,0.001384277186
> 0.95,Internet/Voice,Northern Ohio,"08 [9.1684, 16.5179]","02 [2.13, 5.13]","03 [0.26, 0.41]",8,0.000000,0.0005986305196
HIGH,Video/Internet/Voice,Kentucky,NULL,"04 [8.53, 12.29]","01 [0.009, 0.13]",9,0.000000,0.006457765339
> 0.95,Internet Only,West Central Florida,"04 [1.1254, 1.9139]","06 [16.54, 21.71]","04 [0.41, 0.59]",10,0.000000,0.0007028898838
HIGH,Video/Internet/Voice,Wisconsin,"08 [9.1684, 16.5179]","03 [5.13, 8.53]","04 [0.41, 0.59]",29572,0.001319,0.001199690643
HIGH,Internet Only,Manhattan / Staten Is / Mt Ver,"02 [0.1236, 0.597]","06 [16.54, 21.71]","05 [0.59, 0.81]",19359,0.000465,0.0003366834891
HIGH,Video/Internet/Voice,Mountain States,"03 [0.5976, 1.1236]","09 [40.36, 1134.70]","09 [2.80, 440.64]",10480,0.000286,0.0007143780503
HIGH,Internet Only,West Central Florida,"08 [9.1684, 16.5179]","03 [5.13, 8.53]","06 [0.81, 1.13]",13611,0.000588,0.0005413745831
ZERO,Video/Internet/Voice,North Texas,"05 [1.9149, 3.2258]",NULL,NULL,2400,0.000833,0.00127481599
HIGH,Video/Internet/Voice,Sierra Nevada,"02 [0.1236, 0.597]","08 [28.685, 40.36]","03 [0.26, 0.41]",1708,0.000000,0.001164551301
LOW,Video/Internet/Voice,Western NY,"01 [0.0, 0.0]","07 [21.71, 28.68]","06 [0.81, 1.13]",2149,0.000000,0.001157416354
LOW,Video/Internet/Voice,Central NY,"09 [16.5192, 100.0]","02 [2.13, 5.13]","05 [0.59, 0.81]",1999,0.002001,0.001492964428
HIGH,Internet/Voice,Minnesota,"09 [16.5192, 100.0]","06 [16.54, 21.71]","06 [0.81, 1.13]",731,0.000000,0.0003832052726
HIGH,Video/Internet,Midwest Central,"09 [16.5192, 100.0]","00 [-0.00, 0.02]","04 [0.41, 0.59]",25,0.000000,0.001083096908
HIGH,Video/Internet,South Manhattan,"06 [3.2313, 5.4348]","05 [12.29, 16.54]","06 [0.81, 1.13]",651,0.000000,0.0005726716644
LOW,Video/Internet,Northern Ohio,"08 [9.1684, 16.5179]","05 [12.29, 16.54]","08 [1.65, 2.80]",353,0.000000,0.0007942205103
ZERO,Internet Only,"Greenville, SC / Georgia","06 [3.2313, 5.4348]","05 [12.29, 16.54]","06 [0.81, 1.13]",567,0.005291,0.0007448872731
LOW,Video/Internet,So Cal South,"02 [0.1236, 0.597]","03 [5.13, 8.53]","01 [0.009, 0.13]",794,0.000000,0.0007502220101
LOW,Video/Internet,Midwest South,"05 [1.9149, 3.2258]","06 [16.54, 21.71]","07 [1.13, 1.65]",781,0.001280,0.0008356114165
ZERO,Video/Internet,Pacific Northwest,"04 [1.1254, 1.9139]","07 [21.71, 28.68]","07 [1.13, 1.65]",107,0.000000,0.001126167833
LOW,Internet Only,So Cal South,"03 [0.5976, 1.1236]","00 [-0.00, 0.02]","04 [0.41, 0.59]",95,0.000000,0.0002469612604
ZERO,Video/Internet/Voice,Central NY,"07 [5.4369, 9.1667]","09 [40.36, 1134.70]","06 [0.81, 1.13]",229,0.004367,0.001987948215
ZERO,Video/Internet,So Cal South,"04 [1.1254, 1.9139]","06 [16.54, 21.71]","01 [0.009, 0.13]",46,0.000000,0.00154875746
> 0.95,Video/Internet/Voice,Midwest Central,"07 [5.4369, 9.1667]","07 [21.71, 28.68]","06 [0.81, 1.13]",57,0.000000,0.00126829613
ZERO,Video/Internet/Voice,Kansas City / Lincoln,"06 [3.2313, 5.4348]","09 [40.36, 1134.70]","07 [1.13, 1.65]",187,0.000000,0.002048347354
LOW,Video/Internet/Voice,Minnesota,"08 [9.1684, 16.5179]","03 [5.13, 8.53]","07 [1.13, 1.65]",106,0.000000,0.0009205842651
LOW,Video/Internet,East Florida,"05 [1.9149, 3.2258]","02 [2.13, 5.13]","09 [2.80, 440.64]",79,0.012658,0.001546937463
ZERO,Internet/Voice,Brooklyn / Queens,"05 [1.9149, 3.2258]","03 [5.13, 8.53]","04 [0.41, 0.59]",21,0.000000,0.001190876372
ZERO,Video/Internet,Western NY,"08 [9.1684, 16.5179]","04 [8.53, 12.29]","07 [1.13, 1.65]",96,0.000000,0.001746594877
> 0.95,Internet/Voice,So Cal South,"03 [0.5976, 1.1236]","07 [21.71, 28.68]","05 [0.59, 0.81]",33,0.000000,0.0005030282661
> 0.95,Internet Only,Western NY,"05 [1.9149, 3.2258]","04 [8.53, 12.29]","02 [0.13, 0.26]",32,0.000000,0.0005597238703
> 0.95,Video/Internet/Voice,Eastern NY,"03 [0.5976, 1.1236]","03 [5.13, 8.53]","06 [0.81, 1.13]",3,0.000000,0.001357398291
ZERO,Internet Only,Kansas City / Lincoln,"04 [1.1254, 1.9139]","05 [12.29, 16.54]","01 [0.009, 0.13]",26,0.076923,0.0007757632045
LOW,Video/Internet,So Cal South,"09 [16.5192, 100.0]","00 [-0.00, 0.02]","03 [0.26, 0.41]",10,0.000000,0.001191499224
> 0.95,Internet/Voice,So Cal South,"05 [1.9149, 3.2258]","03 [5.13, 8.53]","05 [0.59, 0.81]",3,0.000000,0.0005024459483
> 0.95,Video/Internet/Voice,Southern New England,"08 [9.1684, 16.5179]","08 [28.685, 40.36]","03 [0.26, 0.41]",1,0.000000,0.001268134135
> 0.95,Video/Internet,West Central Florida,"09 [16.5192, 100.0]","02 [2.13, 5.13]","05 [0.59, 0.81]",1,0.000000,0.001667205005
HIGH,Internet Only,So Cal North,"08 [9.1684, 16.5179]","09 [40.36, 1134.70]","01 [0.009, 0.13]",1,0.000000,0.0002832659681
LOW,Video/Internet/Voice,Midwest South,"07 [5.4369, 9.1667]","02 [2.13, 5.13]","04 [0.41, 0.59]",746,0.001340,0.001565239301
HIGH,Video/Internet/Voice,Western NY,"01 [0.0, 0.0]","02 [2.13, 5.13]","05 [0.59, 0.81]",23375,0.001155,0.001441181395
HIGH,Internet Only,Kansas City / Lincoln,"04 [1.1254, 1.9139]","01 [0.02, 2.13]","01 [0.009, 0.13]",25718,0.000428,0.0004506905206
HIGH,Internet Only,Brooklyn / Queens,NULL,"04 [8.53, 12.29]","06 [0.81, 1.13]",1227,0.000000,0.0006146658543
LOW,Video/Internet,Sierra Nevada,"01 [0.0, 0.0]","05 [12.29, 16.54]","04 [0.41, 0.59]",5689,0.000703,0.0005964377823
HIGH,Video/Internet,South Carolina,"05 [1.9149, 3.2258]","07 [21.71, 28.68]","07 [1.13, 1.65]",14952,0.000669,0.0008592362905
HIGH,Internet Only,Manhattan / Staten Is / Mt Ver,"08 [9.1684, 16.5179]","08 [28.685, 40.36]","06 [0.81, 1.13]",2188,0.000000,0.0004488014969
LOW,Internet Only,TN / LA / AL,NULL,"05 [12.29, 16.54]","08 [1.65, 2.80]",550,0.000000,0.0007313982725
ZERO,Internet Only,South Manhattan,NULL,"05 [12.29, 16.54]","05 [0.59, 0.81]",1577,0.000634,0.0004341955453
LOW,Video/Internet,West Central Florida,"04 [1.1254, 1.9139]","03 [5.13, 8.53]","07 [1.13, 1.65]",672,0.000000,0.001160152315
HIGH,Internet/Voice,Brooklyn / Queens,"04 [1.1254, 1.9139]","08 [28.685, 40.36]","03 [0.26, 0.41]",633,0.000000,0.0005353090076
ZERO,Video/Internet/Voice,Midwest South,NULL,"07 [21.71, 28.68]","07 [1.13, 1.65]",919,0.003264,0.001431001796
HIGH,Video/Internet,Kansas City / Lincoln,"08 [9.1684, 16.5179]","01 [0.02, 2.13]","07 [1.13, 1.65]",528,0.003788,0.001604419194
LOW,Video/Internet,Northern New England,"02 [0.1236, 0.597]","05 [12.29, 16.54]","08 [1.65, 2.80]",80,0.000000,0.0006018210664
ZERO,Internet Only,Northern New England,"04 [1.1254, 1.9139]","09 [40.36, 1134.70]","09 [2.80, 440.64]",265,0.000000,0.0008299023406
ZERO,Video/Internet/Voice,So Cal South,"05 [1.9149, 3.2258]","06 [16.54, 21.71]","02 [0.13, 0.26]",156,0.000000,0.002691008521
ZERO,Video/Internet,So Cal Central,"06 [3.2313, 5.4348]","08 [28.685, 40.36]","05 [0.59, 0.81]",186,0.000000,0.001223695162
LOW,Internet/Voice,Northern New England,"03 [0.5976, 1.1236]","07 [21.71, 28.68]","05 [0.59, 0.81]",201,0.000000,0.0004863599395
ZERO,Video/Internet/Voice,Hawaii,"01 [0.0, 0.0]","09 [40.36, 1134.70]","06 [0.81, 1.13]",207,0.000000,0.001706131529
ZERO,Video/Internet,Kentucky,"04 [1.1254, 1.9139]","07 [21.71, 28.68]","03 [0.26, 0.41]",185,0.005405,0.00202500313
ZERO,Internet/Voice,So Cal South,"02 [0.1236, 0.597]","04 [8.53, 12.29]","03 [0.26, 0.41]",90,0.000000,0.0007955557438
ZERO,Internet Only,So Cal Central,"09 [16.5192, 100.0]","03 [5.13, 8.53]","09 [2.80, 440.64]",211,0.000000,0.0009027252449
LOW,Video/Internet/Voice,Northern New England,NULL,"06 [16.54, 21.71]","02 [0.13, 0.26]",240,0.000000,0.001788329107
ZERO,Internet Only,Midwest South,"08 [9.1684, 16.5179]","05 [12.29, 16.54]","05 [0.59, 0.81]",551,0.003630,0.00104396694
LOW,Video/Internet,Midwest South,"08 [9.1684, 16.5179]","03 [5.13, 8.53]","01 [0.009, 0.13]",240,0.000000,0.001236343812
HIGH,Video/Internet/Voice,East Florida,"08 [9.1684, 16.5179]","09 [40.36, 1134.70]","02 [0.13, 0.26]",302,0.000000,0.001749313519
ZERO,Video/Internet,Southern New England,"08 [9.1684, 16.5179]","09 [40.36, 1134.70]","08 [1.65, 2.80]",199,0.000000,0.001275904159
ZERO,Internet/Voice,Central Texas,"09 [16.5192, 100.0]","08 [28.685, 40.36]","08 [1.65, 2.80]",79,0.000000,0.001207306534
> 0.95,Internet Only,Mountain States,"02 [0.1236, 0.597]","09 [40.36, 1134.70]","07 [1.13, 1.65]",24,0.000000,0.0003385569618
ZERO,Internet/Voice,TN / LA / AL,"08 [9.1684, 16.5179]","06 [16.54, 21.71]","02 [0.13, 0.26]",51,0.000000,0.00113017679
LOW,Internet Only,Hawaii,NULL,"01 [0.02, 2.13]","05 [0.59, 0.81]",67,0.000000,0.0004479031846
> 0.95,Internet/Voice,Western NC,"08 [9.1684, 16.5179]","08 [28.685, 40.36]","05 [0.59, 0.81]",36,0.000000,0.0008188637312
> 0.95,Video/Internet/Voice,Northern New England,"07 [5.4369, 9.1667]","01 [0.02, 2.13]","03 [0.26, 0.41]",11,0.000000,0.001636508494
> 0.95,Video/Internet,Eastern NC,"09 [16.5192, 100.0]","07 [21.71, 28.68]","08 [1.65, 2.80]",41,0.000000,0.001042439432
LOW,Internet/Voice,East Florida,NULL,"04 [8.53, 12.29]","06 [0.81, 1.13]",4,0.000000,0.001768966057
> 0.95,Internet Only,Northern Ohio,"07 [5.4369, 9.1667]","01 [0.02, 2.13]","08 [1.65, 2.80]",1,0.000000,0.002496756357
> 0.95,Internet/Voice,So Cal Central,"05 [1.9149, 3.2258]","04 [8.53, 12.29]","08 [1.65, 2.80]",2,0.000000,0.0006649349706
> 0.95,Video/Internet,South Texas,NULL,"07 [21.71, 28.68]","09 [2.80, 440.64]",1,0.000000,0.00108328457
HIGH,Internet Only,Eastern NC,"04 [1.1254, 1.9139]","08 [28.685, 40.36]","08 [1.65, 2.80]",159211,0.000502,0.0005248762345
HIGH,Internet/Voice,TN / LA / AL,"03 [0.5976, 1.1236]","05 [12.29, 16.54]","04 [0.41, 0.59]",8812,0.000567,0.0005606727759
ZERO,Video/Internet,Hawaii,"03 [0.5976, 1.1236]","00 [-0.00, 0.02]","00 [-0.00, 0.009]",13679,0.002047,0.001712192556
HIGH,Video/Internet,Western NC,"05 [1.9149, 3.2258]","07 [21.71, 28.68]","06 [0.81, 1.13]",47703,0.000964,0.0008223694434
LOW,Internet Only,South Texas,"01 [0.0, 0.0]","04 [8.53, 12.29]","09 [2.80, 440.64]",8422,0.000356,0.0003650258265
HIGH,Video/Internet/Voice,Northern New England,"06 [3.2313, 5.4348]","01 [0.02, 2.13]","09 [2.80, 440.64]",1278,0.000000,0.001213218048
> 0.95,Internet/Voice,North Texas,"07 [5.4369, 9.1667]","07 [21.71, 28.68]","04 [0.41, 0.59]",36,0.000000,0.0007469084877
ZERO,Internet Only,Central States,"02 [0.1236, 0.597]","08 [28.685, 40.36]","05 [0.59, 0.81]",346,0.000000,0.001024733966
HIGH,Internet/Voice,South Carolina,"01 [0.0, 0.0]","03 [5.13, 8.53]","01 [0.009, 0.13]",2163,0.001849,0.0006427316784
LOW,Video/Internet,Western NC,"06 [3.2313, 5.4348]","07 [21.71, 28.68]","08 [1.65, 2.80]",3087,0.000972,0.000817119944
ZERO,Video/Internet,Central Texas,"08 [9.1684, 16.5179]","02 [2.13, 5.13]","01 [0.009, 0.13]",355,0.002817,0.002515306841
ZERO,Video/Internet,North Texas,"04 [1.1254, 1.9139]","08 [28.685, 40.36]","05 [0.59, 0.81]",434,0.002304,0.001981484101
> 0.95,Internet/Voice,Western NC,"08 [9.1684, 16.5179]","06 [16.54, 21.71]","03 [0.26, 0.41]",10,0.100000,0.0009263228335
LOW,Internet Only,So Cal South,NULL,"01 [0.02, 2.13]","04 [0.41, 0.59]",326,0.000000,0.0003951385656
HIGH,Internet/Voice,Brooklyn / Queens,"07 [5.4369, 9.1667]","05 [12.29, 16.54]","06 [0.81, 1.13]",2202,0.000454,0.0005373949374
HIGH,Internet Only,Midwest Central,"04 [1.1254, 1.9139]","08 [28.685, 40.36]","02 [0.13, 0.26]",3545,0.000282,0.0003931976097
ZERO,Internet Only,North Texas,"07 [5.4369, 9.1667]","06 [16.54, 21.71]","04 [0.41, 0.59]",1091,0.000000,0.001139822918
HIGH,Internet/Voice,Minnesota,"05 [1.9149, 3.2258]","05 [12.29, 16.54]","02 [0.13, 0.26]",1661,0.000000,0.0003966264475
LOW,Internet Only,Hawaii,NULL,"02 [2.13, 5.13]","06 [0.81, 1.13]",58,0.000000,0.0005247710264
ZERO,Internet/Voice,Brooklyn / Queens,"01 [0.0, 0.0]","02 [2.13, 5.13]","08 [1.65, 2.80]",80,0.000000,0.0006014182092
LOW,Video/Internet,Brooklyn / Queens,"05 [1.9149, 3.2258]","03 [5.13, 8.53]","09 [2.80, 440.64]",356,0.000000,0.001119896886
ZERO,Video/Internet/Voice,Western NY,"08 [9.1684, 16.5179]","06 [16.54, 21.71]","05 [0.59, 0.81]",106,0.000000,0.002059828967
LOW,Internet/Voice,Midwest Central,"06 [3.2313, 5.4348]","07 [21.71, 28.68]","04 [0.41, 0.59]",288,0.000000,0.0005443504986
HIGH,Video/Internet/Voice,Hawaii,"09 [16.5192, 100.0]","05 [12.29, 16.54]","01 [0.009, 0.13]",41,0.000000,0.001344488389
HIGH,Internet/Voice,Mountain States,NULL,"05 [12.29, 16.54]","05 [0.59, 0.81]",16,0.000000,0.0005676355684
ZERO,Video/Internet/Voice,Eastern NY,"01 [0.0, 0.0]","05 [12.29, 16.54]","04 [0.41, 0.59]",314,0.000000,0.001690592512
LOW,Internet/Voice,West Central Florida,"02 [0.1236, 0.597]","08 [28.685, 40.36]","07 [1.13, 1.65]",86,0.000000,0.0006752905018
ZERO,Internet Only,South Carolina,"08 [9.1684, 16.5179]","05 [12.29, 16.54]","09 [2.80, 440.64]",162,0.000000,0.001015032777
ZERO,Internet/Voice,Kentucky,"05 [1.9149, 3.2258]","07 [21.71, 28.68]","03 [0.26, 0.41]",43,0.000000,0.00157687623
ZERO,Video/Internet/Voice,Michigan,"09 [16.5192, 100.0]","06 [16.54, 21.71]","06 [0.81, 1.13]",72,0.000000,0.001988186787
HIGH,Internet/Voice,Manhattan / Staten Is / Mt Ver,"04 [1.1254, 1.9139]","01 [0.02, 2.13]","08 [1.65, 2.80]",42,0.000000,0.0005285439714
ZERO,Video/Internet/Voice,West Central Florida,"06 [3.2313, 5.4348]","02 [2.13, 5.13]","08 [1.65, 2.80]",42,0.023810,0.001985137292
ZERO,Video/Internet/Voice,TN / LA / AL,"04 [1.1254, 1.9139]","03 [5.13, 8.53]","09 [2.80, 440.64]",21,0.000000,0.00165950396
ZERO,Video/Internet,Hawaii,"04 [1.1254, 1.9139]","08 [28.685, 40.36]","03 [0.26, 0.41]",35,0.000000,0.002036071472
> 0.95,Video/Internet,Central States,"04 [1.1254, 1.9139]","00 [-0.00, 0.02]","01 [0.009, 0.13]",5,0.000000,0.002616791118
> 0.95,Internet/Voice,TN / LA / AL,"02 [0.1236, 0.597]","01 [0.02, 2.13]","08 [1.65, 2.80]",2,0.000000,0.00112394996
ZERO,Internet/Voice,South Texas,"08 [9.1684, 16.5179]","02 [2.13, 5.13]","09 [2.80, 440.64]",6,0.000000,0.001522656713
LOW,Internet Only,Southern New England,"01 [0.0, 0.0]","00 [-0.00, 0.02]","02 [0.13, 0.26]",23,0.000000,0.0001709586652
ZERO,Internet/Voice,Northern Ohio,"09 [16.5192, 100.0]","05 [12.29, 16.54]","09 [2.80, 440.64]",11,0.000000,0.003224526549
HIGH,Video/Internet,Central NY,"06 [3.2313, 5.4348]","04 [8.53, 12.29]","05 [0.59, 0.81]",16152,0.000371,0.000743986435
HIGH,Video/Internet/Voice,Northern Ohio,"01 [0.0, 0.0]","05 [12.29, 16.54]","09 [2.80, 440.64]",16404,0.000732,0.001045440429
LOW,Video/Internet/Voice,TN / LA / AL,"08 [9.1684, 16.5179]","01 [0.02, 2.13]","02 [0.13, 0.26]",4680,0.002778,0.001788240055
ZERO,Video/Internet,West Florida,NULL,"02 [2.13, 5.13]","07 [1.13, 1.65]",102,0.000000,0.001390242522
ZERO,Internet Only,North Texas,"06 [3.2313, 5.4348]","08 [28.685, 40.36]","09 [2.80, 440.64]",2488,0.000402,0.001505697405
HIGH,Internet Only,TN / LA / AL,"01 [0.0, 0.0]","05 [12.29, 16.54]","01 [0.009, 0.13]",6082,0.000164,0.0003743584241
LOW,Internet Only,Northern New England,"03 [0.5976, 1.1236]","07 [21.71, 28.68]","08 [1.65, 2.80]",1709,0.000585,0.0003972169921
HIGH,Video/Internet,Western NC,"06 [3.2313, 5.4348]","02 [2.13, 5.13]","06 [0.81, 1.13]",9774,0.001739,0.001249818027
HIGH,Video/Internet/Voice,Kentucky,"04 [1.1254, 1.9139]","01 [0.02, 2.13]","04 [0.41, 0.59]",4116,0.000729,0.00190747485
LOW,Video/Internet/Voice,Midwest Central,"04 [1.1254, 1.9139]","01 [0.02, 2.13]","00 [-0.00, 0.009]",205,0.000000,0.001918781992
HIGH,Internet/Voice,So Cal North,"08 [9.1684, 16.5179]","06 [16.54, 21.71]","01 [0.009, 0.13]",128,0.000000,0.0005123134392
LOW,Internet Only,Minnesota,NULL,"09 [40.36, 1134.70]","08 [1.65, 2.80]",231,0.000000,0.0006268380464
> 0.95,Internet/Voice,Kentucky,"08 [9.1684, 16.5179]","08 [28.685, 40.36]","02 [0.13, 0.26]",18,0.055556,0.002251879879
> 0.95,Video/Internet,Kentucky,"09 [16.5192, 100.0]","09 [40.36, 1134.70]","06 [0.81, 1.13]",484,0.000000,0.001505385118
ZERO,Internet Only,East Florida,"04 [1.1254, 1.9139]","07 [21.71, 28.68]","07 [1.13, 1.65]",257,0.003891,0.001011136468
LOW,Video/Internet/Voice,South Carolina,"05 [1.9149, 3.2258]","06 [16.54, 21.71]","07 [1.13, 1.65]",603,0.003317,0.001115510782
LOW,Video/Internet,East Central Florida,"06 [3.2313, 5.4348]","01 [0.02, 2.13]","09 [2.80, 440.64]",113,0.000000,0.001672969722
LOW,Internet/Voice,East Florida,"09 [16.5192, 100.0]","07 [21.71, 28.68]","09 [2.80, 440.64]",134,0.000000,0.0006672675037
> 0.95,Internet Only,Central States,NULL,"08 [28.685, 40.36]","07 [1.13, 1.65]",31,0.000000,0.001210418685
ZERO,Internet/Voice,Kentucky,"02 [0.1236, 0.597]","05 [12.29, 16.54]","06 [0.81, 1.13]",15,0.000000,0.00133951946
LOW,Video/Internet,Manhattan / Staten Is / Mt Ver,"04 [1.1254, 1.9139]","09 [40.36, 1134.70]","01 [0.009, 0.13]",1,0.000000,0.0003938224416
> 0.95,Internet/Voice,Sierra Nevada,"04 [1.1254, 1.9139]","05 [12.29, 16.54]","03 [0.26, 0.41]",13,0.000000,0.0009763374998
HIGH,Video/Internet/Voice,So Cal South,"09 [16.5192, 100.0]","01 [0.02, 2.13]","01 [0.009, 0.13]",44834,0.002007,0.001860096562
HIGH,Internet/Voice,Kentucky,"06 [3.2313, 5.4348]","00 [-0.00, 0.02]","00 [-0.00, 0.009]",10675,0.006557,0.004620735321
HIGH,Video/Internet,Western NY,"04 [1.1254, 1.9139]","06 [16.54, 21.71]","05 [0.59, 0.81]",22991,0.000565,0.0008271343222
HIGH,Internet Only,Michigan,NULL,"03 [5.13, 8.53]","03 [0.26, 0.41]",967,0.000000,0.0006042037245
HIGH,Video/Internet,Eastern NC,"01 [0.0, 0.0]","02 [2.13, 5.13]","05 [0.59, 0.81]",29381,0.001123,0.001055798286
HIGH,Video/Internet,Central States,"07 [5.4369, 9.1667]","08 [28.685, 40.36]","04 [0.41, 0.59]",12197,0.001148,0.001090901317
HIGH,Video/Internet/Voice,North Texas,"01 [0.0, 0.0]","04 [8.53, 12.29]","07 [1.13, 1.65]",13837,0.001373,0.001389746548
HIGH,Video/Internet/Voice,West Florida,"01 [0.0, 0.0]","08 [28.685, 40.36]","07 [1.13, 1.65]",22766,0.000966,0.001091130603
LOW,Internet Only,South Texas,"06 [3.2313, 5.4348]","04 [8.53, 12.29]","08 [1.65, 2.80]",1741,0.000000,0.0004273367062
HIGH,Video/Internet/Voice,Brooklyn / Queens,"03 [0.5976, 1.1236]","02 [2.13, 5.13]","03 [0.26, 0.41]",28251,0.001239,0.001599137426
HIGH,Internet Only,TN / LA / AL,"09 [16.5192, 100.0]","01 [0.02, 2.13]","04 [0.41, 0.59]",7966,0.000251,0.0005053628461
HIGH,Internet Only,South Carolina,NULL,"06 [16.54, 21.71]","07 [1.13, 1.65]",1251,0.000000,0.0007547441202
LOW,Video/Internet,Central NY,"06 [3.2313, 5.4348]","06 [16.54, 21.71]","09 [2.80, 440.64]",977,0.001024,0.0006901829456
> 0.95,Internet Only,So Cal North,"05 [1.9149, 3.2258]","08 [28.685, 40.36]","08 [1.65, 2.80]",634,0.001577,0.0004995427524
LOW,Video/Internet/Voice,Southern New England,"01 [0.0, 0.0]","07 [21.71, 28.68]","05 [0.59, 0.81]",1338,0.000747,0.001077286111
HIGH,Internet/Voice,South Manhattan,"03 [0.5976, 1.1236]","08 [28.685, 40.36]","08 [1.65, 2.80]",727,0.000000,0.0004281993362
LOW,Video/Internet,West Central Florida,"08 [9.1684, 16.5179]","04 [8.53, 12.29]","07 [1.13, 1.65]",648,0.001543,0.001174309235
HIGH,Internet Only,West Florida,"04 [1.1254, 1.9139]","06 [16.54, 21.71]","01 [0.009, 0.13]",1363,0.000734,0.000460046516
LOW,Video/Internet,East Central Florida,"07 [5.4369, 9.1667]","06 [16.54, 21.71]","08 [1.65, 2.80]",755,0.000000,0.00087265095
ZERO,Internet/Voice,Eastern NC,"02 [0.1236, 0.597]","04 [8.53, 12.29]","02 [0.13, 0.26]",18,0.000000,0.001301182307
LOW,Internet/Voice,So Cal North,"08 [9.1684, 16.5179]","01 [0.02, 2.13]","07 [1.13, 1.65]",268,0.000000,0.0005866051735
ZERO,Internet/Voice,West Florida,"05 [1.9149, 3.2258]","09 [40.36, 1134.70]","07 [1.13, 1.65]",75,0.000000,0.001621204764
LOW,Internet/Voice,Midwest South,"08 [9.1684, 16.5179]","06 [16.54, 21.71]","03 [0.26, 0.41]",126,0.000000,0.0006410745585
ZERO,Video/Internet,East Central Florida,"08 [9.1684, 16.5179]","06 [16.54, 21.71]","04 [0.41, 0.59]",68,0.000000,0.001804759434
ZERO,Video/Internet,Kansas City / Lincoln,"09 [16.5192, 100.0]","07 [21.71, 28.68]","05 [0.59, 0.81]",332,0.003012,0.001931726173
LOW,Video/Internet,So Cal South,NULL,"01 [0.02, 2.13]","00 [-0.00, 0.009]",133,0.000000,0.00309381671
LOW,Video/Internet/Voice,Wisconsin,"01 [0.0, 0.0]","01 [0.02, 2.13]","07 [1.13, 1.65]",313,0.003195,0.001089056887
HIGH,Video/Internet/Voice,Mountain States,NULL,"05 [12.29, 16.54]","05 [0.59, 0.81]",75,0.000000,0.001675405308
> 0.95,Video/Internet/Voice,North Texas,"04 [1.1254, 1.9139]","02 [2.13, 5.13]","02 [0.13, 0.26]",42,0.000000,0.003160486873
> 0.95,Internet Only,Central NY,"01 [0.0, 0.0]","08 [28.685, 40.36]","09 [2.80, 440.64]",2,0.000000,0.000433509308
LOW,Internet Only,Northern Ohio,"02 [0.1236, 0.597]","07 [21.71, 28.68]","04 [0.41, 0.59]",72,0.000000,0.0003457079337
ZERO,Internet Only,So Cal South,"06 [3.2313, 5.4348]","04 [8.53, 12.29]","01 [0.009, 0.13]",83,0.000000,0.0006402301215
ZERO,Internet/Voice,Wisconsin,"03 [0.5976, 1.1236]","03 [5.13, 8.53]","05 [0.59, 0.81]",30,0.000000,0.0008732180913
LOW,Internet Only,"Greenville, SC / Georgia","04 [1.1254, 1.9139]","07 [21.71, 28.68]","01 [0.009, 0.13]",13,0.000000,0.000374314036
> 0.95,Video/Internet,South Carolina,"06 [3.2313, 5.4348]","02 [2.13, 5.13]","02 [0.13, 0.26]",26,0.000000,0.001322065623
ZERO,Internet/Voice,Kansas City / Lincoln,"08 [9.1684, 16.5179]","04 [8.53, 12.29]","06 [0.81, 1.13]",19,0.000000,0.001113303326
LOW,Video/Internet,Southern New England,"03 [0.5976, 1.1236]","07 [21.71, 28.68]","01 [0.009, 0.13]",4,0.000000,0.0004368522113
> 0.95,Internet Only,Central Texas,"04 [1.1254, 1.9139]","07 [21.71, 28.68]","01 [0.009, 0.13]",4,0.000000,0.0003567692472
HIGH,Internet Only,Eastern NY,"07 [5.4369, 9.1667]","03 [5.13, 8.53]","01 [0.009, 0.13]",14179,0.000212,0.0003113708197
HIGH,Video/Internet,Northern Ohio,"05 [1.9149, 3.2258]","05 [12.29, 16.54]","03 [0.26, 0.41]",42943,0.000396,0.0007603009556
HIGH,Internet Only,Sierra Nevada,"08 [9.1684, 16.5179]","04 [8.53, 12.29]","02 [0.13, 0.26]",19810,0.000656,0.0003285368178
HIGH,Video/Internet,East Central Florida,"02 [0.1236, 0.597]","02 [2.13, 5.13]","03 [0.26, 0.41]",7166,0.001395,0.001468846064
HIGH,Video/Internet,Sierra Nevada,"02 [0.1236, 0.597]","06 [16.54, 21.71]","07 [1.13, 1.65]",12792,0.000469,0.0006574177611
LOW,Video/Internet/Voice,Eastern NC,"05 [1.9149, 3.2258]","00 [-0.00, 0.02]","00 [-0.00, 0.009]",12774,0.002505,0.003111461579
HIGH,Video/Internet/Voice,Central States,"01 [0.0, 0.0]","03 [5.13, 8.53]","04 [0.41, 0.59]",50862,0.001396,0.00144900453
ZERO,Internet Only,North Texas,NULL,"06 [16.54, 21.71]","03 [0.26, 0.41]",5667,0.000706,0.001019280592
ZERO,Video/Internet,South Manhattan,"01 [0.0, 0.0]","05 [12.29, 16.54]","03 [0.26, 0.41]",222,0.000000,0.001259209599
HIGH,Video/Internet/Voice,Southern New England,"04 [1.1254, 1.9139]","09 [40.36, 1134.70]","09 [2.80, 440.64]",16170,0.000495,0.0009055616879
LOW,Internet Only,Michigan,"01 [0.0, 0.0]","08 [28.685, 40.36]","09 [2.80, 440.64]",10734,0.000373,0.0003688799687
LOW,Video/Internet,Central Texas,"01 [0.0, 0.0]","07 [21.71, 28.68]","09 [2.80, 440.64]",8487,0.000353,0.0006318431341
HIGH,Internet Only,Manhattan / Staten Is / Mt Ver,"05 [1.9149, 3.2258]","06 [16.54, 21.71]","09 [2.80, 440.64]",6950,0.000288,0.0004550646328
HIGH,Video/Internet/Voice,Western NY,"08 [9.1684, 16.5179]","00 [-0.00, 0.02]","01 [0.009, 0.13]",20827,0.002401,0.001896956449
HIGH,Internet/Voice,Mountain States,"05 [1.9149, 3.2258]","06 [16.54, 21.71]","05 [0.59, 0.81]",6614,0.000151,0.0003576194638
ZERO,Internet Only,TN / LA / AL,NULL,"02 [2.13, 5.13]","08 [1.65, 2.80]",938,0.001066,0.0009461015032
LOW,Video/Internet/Voice,So Cal North,"02 [0.1236, 0.597]","09 [40.36, 1134.70]","07 [1.13, 1.65]",696,0.001437,0.001053269505
LOW,Internet/Voice,Brooklyn / Queens,"02 [0.1236, 0.597]","01 [0.02, 2.13]","06 [0.81, 1.13]",170,0.000000,0.0004606516666
HIGH,Video/Internet,South Manhattan,"01 [0.0, 0.0]","08 [28.685, 40.36]","02 [0.13, 0.26]",366,0.000000,0.0006105282966
HIGH,Video/Internet/Voice,Southern New England,NULL,"06 [16.54, 21.71]","08 [1.65, 2.80]",147,0.000000,0.0008239121606
ZERO,Video/Internet/Voice,Hawaii,"03 [0.5976, 1.1236]","06 [16.54, 21.71]","06 [0.81, 1.13]",172,0.000000,0.001562910055
> 0.95,Internet/Voice,Midwest South,"06 [3.2313, 5.4348]","08 [28.685, 40.36]","09 [2.80, 440.64]",84,0.000000,0.0009194299701
HIGH,Internet Only,Brooklyn / Queens,NULL,"03 [5.13, 8.53]","01 [0.009, 0.13]",208,0.000000,0.0005637950898
> 0.95,Video/Internet,Kentucky,"01 [0.0, 0.0]","09 [40.36, 1134.70]","08 [1.65, 2.80]",599,0.003339,0.001263217714
LOW,Internet Only,Northern Ohio,"06 [3.2313, 5.4348]","07 [21.71, 28.68]","01 [0.009, 0.13]",27,0.000000,0.0003144139362
ZERO,Video/Internet/Voice,West Central Florida,NULL,"06 [16.54, 21.71]","03 [0.26, 0.41]",56,0.017857,0.00205923262
ZERO,Video/Internet,Michigan,"02 [0.1236, 0.597]","01 [0.02, 2.13]","09 [2.80, 440.64]",22,0.000000,0.001186433434
LOW,Video/Internet/Voice,Western NC,"02 [0.1236, 0.597]","06 [16.54, 21.71]","04 [0.41, 0.59]",75,0.000000,0.00126052577
ZERO,Video/Internet/Voice,Minnesota,"07 [5.4369, 9.1667]","07 [21.71, 28.68]","09 [2.80, 440.64]",3,0.000000,0.0009942463748
> 0.95,Internet Only,Central NY,"04 [1.1254, 1.9139]","08 [28.685, 40.36]","08 [1.65, 2.80]",1,0.000000,0.0003850422257
> 0.95,Internet Only,East Florida,"03 [0.5976, 1.1236]",NULL,NULL,1,0.000000,0.0007992527881
HIGH,Video/Internet/Voice,West Florida,"07 [5.4369, 9.1667]","03 [5.13, 8.53]","02 [0.13, 0.26]",24818,0.001169,0.001759856253
HIGH,Video/Internet/Voice,So Cal North,"04 [1.1254, 1.9139]","07 [21.71, 28.68]","05 [0.59, 0.81]",13299,0.001278,0.001095787008
HIGH,Video/Internet,Hawaii,"01 [0.0, 0.0]","02 [2.13, 5.13]","07 [1.13, 1.65]",12638,0.000950,0.001064458007
HIGH,Internet Only,Minnesota,"09 [16.5192, 100.0]","06 [16.54, 21.71]","08 [1.65, 2.80]",5843,0.000171,0.0003270805054
LOW,Internet Only,Brooklyn / Queens,"02 [0.1236, 0.597]","08 [28.685, 40.36]","09 [2.80, 440.64]",1635,0.000000,0.0005001991386
HIGH,Video/Internet/Voice,Eastern NC,"04 [1.1254, 1.9139]","05 [12.29, 16.54]","03 [0.26, 0.41]",17962,0.001559,0.001334098075
> 0.95,Internet Only,Midwest Central,"07 [5.4369, 9.1667]","06 [16.54, 21.71]","06 [0.81, 1.13]",161,0.000000,0.0004762444365
ZERO,Internet/Voice,North Texas,NULL,"05 [12.29, 16.54]","03 [0.26, 0.41]",793,0.002522,0.001415733067
> 0.95,Video/Internet,Midwest South,"03 [0.5976, 1.1236]","06 [16.54, 21.71]","02 [0.13, 0.26]",94,0.000000,0.001390419105
LOW,Video/Internet,West Florida,"06 [3.2313, 5.4348]","03 [5.13, 8.53]","06 [0.81, 1.13]",581,0.000000,0.001219929144
LOW,Video/Internet,Kentucky,NULL,"09 [40.36, 1134.70]","05 [0.59, 0.81]",501,0.001996,0.001510982832
ZERO,Video/Internet/Voice,Midwest Central,"08 [9.1684, 16.5179]","05 [12.29, 16.54]","07 [1.13, 1.65]",72,0.000000,0.00232432765
ZERO,Video/Internet,Hawaii,"09 [16.5192, 100.0]","05 [12.29, 16.54]","03 [0.26, 0.41]",62,0.000000,0.001984586997
ZERO,Video/Internet/Voice,South Texas,NULL,"04 [8.53, 12.29]","01 [0.009, 0.13]",20,0.000000,0.00247271653
ZERO,Internet/Voice,Western NC,"07 [5.4369, 9.1667]","07 [21.71, 28.68]","03 [0.26, 0.41]",79,0.000000,0.001329610778
LOW,Video/Internet,West Florida,"06 [3.2313, 5.4348]","00 [-0.00, 0.02]","01 [0.009, 0.13]",116,0.000000,0.0009523649306
> 0.95,Video/Internet/Voice,Southern New England,"07 [5.4369, 9.1667]","02 [2.13, 5.13]","04 [0.41, 0.59]",15,0.000000,0.001835297664
> 0.95,Internet/Voice,Midwest Central,"06 [3.2313, 5.4348]","02 [2.13, 5.13]","03 [0.26, 0.41]",11,0.000000,0.001069456511
ZERO,Internet/Voice,Pacific Northwest,"03 [0.5976, 1.1236]","02 [2.13, 5.13]","09 [2.80, 440.64]",4,0.000000,0.001218185974
> 0.95,Internet/Voice,So Cal North,"09 [16.5192, 100.0]","06 [16.54, 21.71]","04 [0.41, 0.59]",8,0.000000,0.0008681003929
LOW,Internet/Voice,Central Texas,"08 [9.1684, 16.5179]","06 [16.54, 21.71]","01 [0.009, 0.13]",5,0.000000,0.0005373558214
> 0.95,Internet Only,Western NY,"06 [3.2313, 5.4348]","00 [-0.00, 0.02]","01 [0.009, 0.13]",2,0.000000,0.0002868222663
LOW,Internet Only,Minnesota,"06 [3.2313, 5.4348]","08 [28.685, 40.36]","09 [2.80, 440.64]",3377,0.000000,0.0003218991993
LOW,Video/Internet,So Cal South,"09 [16.5192, 100.0]","01 [0.02, 2.13]","01 [0.009, 0.13]",9526,0.000735,0.001254973865
HIGH,Internet Only,Central NY,"05 [1.9149, 3.2258]","07 [21.71, 28.68]","06 [0.81, 1.13]",47446,0.000485,0.0003495034593
HIGH,Video/Internet,Kentucky,"06 [3.2313, 5.4348]","08 [28.685, 40.36]","03 [0.26, 0.41]",8173,0.000856,0.001125981459
LOW,Video/Internet/Voice,Brooklyn / Queens,"01 [0.0, 0.0]","03 [5.13, 8.53]","03 [0.26, 0.41]",18443,0.001030,0.001383592902
LOW,Video/Internet/Voice,So Cal South,"06 [3.2313, 5.4348]","03 [5.13, 8.53]","09 [2.80, 440.64]",1804,0.002772,0.001313612475
HIGH,Video/Internet/Voice,Brooklyn / Queens,"03 [0.5976, 1.1236]","06 [16.54, 21.71]","03 [0.26, 0.41]",4483,0.001115,0.001234826114
LOW,Internet Only,Hawaii,"01 [0.0, 0.0]","08 [28.685, 40.36]","03 [0.26, 0.41]",2222,0.000000,0.0003456403771
HIGH,Internet Only,Midwest Central,"04 [1.1254, 1.9139]","04 [8.53, 12.29]","09 [2.80, 440.64]",17167,0.000291,0.0004074402755
HIGH,Internet/Voice,East Florida,"04 [1.1254, 1.9139]","04 [8.53, 12.29]","06 [0.81, 1.13]",1925,0.000519,0.0006449277819
LOW,Internet/Voice,So Cal North,"05 [1.9149, 3.2258]","01 [0.02, 2.13]","02 [0.13, 0.26]",3848,0.000520,0.0005479693262
HIGH,Video/Internet/Voice,Pacific Northwest,"04 [1.1254, 1.9139]","04 [8.53, 12.29]","09 [2.80, 440.64]",1199,0.000834,0.001038674288
HIGH,Internet Only,West Central Florida,NULL,"07 [21.71, 28.68]","02 [0.13, 0.26]",7,0.000000,0.0007032685412
LOW,Video/Internet,Wisconsin,NULL,"02 [2.13, 5.13]","05 [0.59, 0.81]",72,0.000000,0.0009903390749
LOW,Video/Internet/Voice,Michigan,"09 [16.5192, 100.0]","02 [2.13, 5.13]","01 [0.009, 0.13]",672,0.001488,0.001266631997
HIGH,Internet Only,Wisconsin,"04 [1.1254, 1.9139]","07 [21.71, 28.68]","01 [0.009, 0.13]",761,0.000000,0.0002930598899
ZERO,Video/Internet,TN / LA / AL,"09 [16.5192, 100.0]","07 [21.71, 28.68]","08 [1.65, 2.80]",440,0.000000,0.001547574257
ZERO,Internet Only,Sierra Nevada,"03 [0.5976, 1.1236]","03 [5.13, 8.53]","02 [0.13, 0.26]",760,0.000000,0.0006743488906
LOW,Video/Internet,Wisconsin,"04 [1.1254, 1.9139]","08 [28.685, 40.36]","03 [0.26, 0.41]",912,0.000000,0.0005851296838
ZERO,Video/Internet,West Central Florida,"01 [0.0, 0.0]","06 [16.54, 21.71]","02 [0.13, 0.26]",189,0.000000,0.001617609034
LOW,Internet/Voice,Kansas City / Lincoln,"05 [1.9149, 3.2258]","02 [2.13, 5.13]","04 [0.41, 0.59]",299,0.000000,0.0006842513381
HIGH,Internet/Voice,Central States,"07 [5.4369, 9.1667]","00 [-0.00, 0.02]","04 [0.41, 0.59]",9,0.000000,0.0009952733479
> 0.95,Video/Internet,Kentucky,"06 [3.2313, 5.4348]","07 [21.71, 28.68]","02 [0.13, 0.26]",70,0.000000,0.001550621574
LOW,Internet/Voice,Midwest South,"04 [1.1254, 1.9139]","04 [8.53, 12.29]","02 [0.13, 0.26]",128,0.000000,0.0005637777315
> 0.95,Internet Only,TN / LA / AL,"08 [9.1684, 16.5179]","02 [2.13, 5.13]","08 [1.65, 2.80]",29,0.000000,0.0006937604377
> 0.95,Video/Internet/Voice,Eastern NC,"03 [0.5976, 1.1236]","08 [28.685, 40.36]","09 [2.80, 440.64]",47,0.021277,0.001260962379
LOW,Video/Internet/Voice,Central NY,"04 [1.1254, 1.9139]","00 [-0.00, 0.02]","04 [0.41, 0.59]",2,0.000000,0.0008189742326
ZERO,Internet/Voice,East Florida,"04 [1.1254, 1.9139]","04 [8.53, 12.29]","06 [0.81, 1.13]",36,0.000000,0.001367176526
ZERO,Internet Only,Southern New England,"05 [1.9149, 3.2258]","01 [0.02, 2.13]","02 [0.13, 0.26]",27,0.000000,0.0006121352875
ZERO,Video/Internet,Mountain States,"04 [1.1254, 1.9139]","04 [8.53, 12.29]","09 [2.80, 440.64]",11,0.000000,0.001086051895
ZERO,Video/Internet,Northern Ohio,"08 [9.1684, 16.5179]","07 [21.71, 28.68]","01 [0.009, 0.13]",18,0.000000,0.001791886732
ZERO,Video/Internet,Northern New England,"08 [9.1684, 16.5179]","09 [40.36, 1134.70]","01 [0.009, 0.13]",2,0.000000,0.0006123102769
> 0.95,Internet/Voice,Midwest Central,"08 [9.1684, 16.5179]","05 [12.29, 16.54]","03 [0.26, 0.41]",12,0.000000,0.0005360531506
> 0.95,Internet/Voice,West Central Florida,"05 [1.9149, 3.2258]","07 [21.71, 28.68]","09 [2.80, 440.64]",3,0.000000,0.001083376399
LOW,Video/Internet,Pacific Northwest,"01 [0.0, 0.0]","02 [2.13, 5.13]","05 [0.59, 0.81]",3622,0.000276,0.0009661865659
HIGH,Video/Internet/Voice,East Central Florida,"06 [3.2313, 5.4348]","00 [-0.00, 0.02]","01 [0.009, 0.13]",2073,0.005789,0.002921119492
LOW,Internet Only,Sierra Nevada,"06 [3.2313, 5.4348]","00 [-0.00, 0.02]","00 [-0.00, 0.009]",4111,0.003405,0.001639037478
HIGH,Video/Internet/Voice,Hawaii,"03 [0.5976, 1.1236]","03 [5.13, 8.53]","03 [0.26, 0.41]",19059,0.001259,0.001312331028
HIGH,Video/Internet/Voice,Hawaii,"03 [0.5976, 1.1236]","02 [2.13, 5.13]","07 [1.13, 1.65]",3660,0.000820,0.001406809942
LOW,Internet Only,Sierra Nevada,"06 [3.2313, 5.4348]","03 [5.13, 8.53]","05 [0.59, 0.81]",1576,0.000000,0.0002929772842
HIGH,Video/Internet/Voice,Pacific Northwest,"01 [0.0, 0.0]","02 [2.13, 5.13]","09 [2.80, 440.64]",2972,0.001682,0.001257934494
LOW,Video/Internet,South Manhattan,"02 [0.1236, 0.597]","02 [2.13, 5.13]","04 [0.41, 0.59]",2911,0.000344,0.0008869324057
HIGH,Video/Internet,Mountain States,"09 [16.5192, 100.0]","08 [28.685, 40.36]","05 [0.59, 0.81]",1953,0.000512,0.0005890514992
LOW,Internet/Voice,South Texas,"08 [9.1684, 16.5179]","08 [28.685, 40.36]","06 [0.81, 1.13]",733,0.001364,0.0006122646377
HIGH,Video/Internet,Southern New England,"08 [9.1684, 16.5179]","07 [21.71, 28.68]","05 [0.59, 0.81]",15320,0.000326,0.0006294154328
ZERO,Video/Internet/Voice,West Florida,"09 [16.5192, 100.0]","01 [0.02, 2.13]","01 [0.009, 0.13]",1030,0.003883,0.003475255387
HIGH,Internet/Voice,South Carolina,"05 [1.9149, 3.2258]","08 [28.685, 40.36]","03 [0.26, 0.41]",1308,0.001529,0.0006757670566
ZERO,Internet Only,Wisconsin,NULL,"06 [16.54, 21.71]","02 [0.13, 0.26]",1060,0.001887,0.0006686303395
